parent	child
R-HSA-109581	R-HSA-109606
R-HSA-109581	R-HSA-169911
R-HSA-109581	R-HSA-5357769
R-HSA-109581	R-HSA-75153
R-HSA-109582	R-HSA-140877
R-HSA-109582	R-HSA-202733
R-HSA-109582	R-HSA-418346
R-HSA-109582	R-HSA-75205
R-HSA-109582	R-HSA-75892
R-HSA-109582	R-HSA-76002
R-HSA-109582	R-HSA-983231
R-HSA-109606	R-HSA-111452
R-HSA-109606	R-HSA-111453
R-HSA-109606	R-HSA-111471
R-HSA-109606	R-HSA-114294
R-HSA-109606	R-HSA-114452
R-HSA-109606	R-HSA-75108
R-HSA-109703	R-HSA-165160
R-HSA-109704	R-HSA-109703
R-HSA-109704	R-HSA-165158
R-HSA-110313	R-HSA-110312
R-HSA-110313	R-HSA-110320
R-HSA-110313	R-HSA-5655862
R-HSA-110313	R-HSA-5656121
R-HSA-110313	R-HSA-5656169
R-HSA-110373	R-HSA-110362
R-HSA-110373	R-HSA-5651801
R-HSA-110381	R-HSA-73930
R-HSA-111458	R-HSA-9627069
R-HSA-111461	R-HSA-111458
R-HSA-111461	R-HSA-111459
R-HSA-111465	R-HSA-264870
R-HSA-111465	R-HSA-351906
R-HSA-111465	R-HSA-352238
R-HSA-111469	R-HSA-111463
R-HSA-111469	R-HSA-111464
R-HSA-111471	R-HSA-111457
R-HSA-111471	R-HSA-111461
R-HSA-111471	R-HSA-111469
R-HSA-111885	R-HSA-112040
R-HSA-111885	R-HSA-180024
R-HSA-111885	R-HSA-202040
R-HSA-111931	R-HSA-163615
R-HSA-111933	R-HSA-111931
R-HSA-111933	R-HSA-111932
R-HSA-111933	R-HSA-111957
R-HSA-111996	R-HSA-111995
R-HSA-111996	R-HSA-111997
R-HSA-111997	R-HSA-111933
R-HSA-112040	R-HSA-112043
R-HSA-112040	R-HSA-170660
R-HSA-112040	R-HSA-170670
R-HSA-112043	R-HSA-111996
R-HSA-112307	R-HSA-112303
R-HSA-112310	R-HSA-181429
R-HSA-112310	R-HSA-181430
R-HSA-112310	R-HSA-210500
R-HSA-112310	R-HSA-212676
R-HSA-112310	R-HSA-264642
R-HSA-112310	R-HSA-888590
R-HSA-112311	R-HSA-379401
R-HSA-112311	R-HSA-380615
R-HSA-112313	R-HSA-210455
R-HSA-112314	R-HSA-181431
R-HSA-112314	R-HSA-399721
R-HSA-112314	R-HSA-442755
R-HSA-112314	R-HSA-451326
R-HSA-112314	R-HSA-977443
R-HSA-112315	R-HSA-112308
R-HSA-112315	R-HSA-112310
R-HSA-112315	R-HSA-112311
R-HSA-112315	R-HSA-112313
R-HSA-112315	R-HSA-112314
R-HSA-112316	R-HSA-112307
R-HSA-112316	R-HSA-112315
R-HSA-112316	R-HSA-1296071
R-HSA-112316	R-HSA-6794362
R-HSA-112399	R-HSA-109704
R-HSA-112399	R-HSA-112412
R-HSA-112409	R-HSA-110056
R-HSA-112409	R-HSA-112411
R-HSA-113510	R-HSA-113501
R-HSA-113510	R-HSA-113507
R-HSA-114452	R-HSA-111446
R-HSA-114452	R-HSA-111447
R-HSA-114452	R-HSA-111448
R-HSA-114452	R-HSA-139910
R-HSA-114452	R-HSA-139915
R-HSA-114508	R-HSA-426048
R-HSA-1168372	R-HSA-1169091
R-HSA-1168372	R-HSA-1169092
R-HSA-1168372	R-HSA-2025928
R-HSA-1169410	R-HSA-1169408
R-HSA-1169410	R-HSA-8983711
R-HSA-1181150	R-HSA-1433617
R-HSA-1187000	R-HSA-1300642
R-HSA-1187000	R-HSA-1300645
R-HSA-1187000	R-HSA-2534343
R-HSA-1222499	R-HSA-1222387
R-HSA-1222499	R-HSA-1222449
R-HSA-1222499	R-HSA-1222538
R-HSA-1222499	R-HSA-1222541
R-HSA-1222556	R-HSA-8941413
R-HSA-1226099	R-HSA-5655253
R-HSA-1226099	R-HSA-5655291
R-HSA-1226099	R-HSA-5655302
R-HSA-1226099	R-HSA-5655332
R-HSA-1227986	R-HSA-1250196
R-HSA-1227986	R-HSA-1251932
R-HSA-1227986	R-HSA-1306955
R-HSA-1227986	R-HSA-1963640
R-HSA-1227986	R-HSA-1963642
R-HSA-1227986	R-HSA-6785631
R-HSA-1227986	R-HSA-8847993
R-HSA-1227986	R-HSA-8863795
R-HSA-1227986	R-HSA-9652282
R-HSA-1227990	R-HSA-9634285
R-HSA-1227990	R-HSA-9664565
R-HSA-1227990	R-HSA-9665230
R-HSA-1227990	R-HSA-9665348
R-HSA-1227990	R-HSA-9665686
R-HSA-1227990	R-HSA-9665737
R-HSA-1234174	R-HSA-1234158
R-HSA-1234174	R-HSA-1234176
R-HSA-1236394	R-HSA-1250342
R-HSA-1236394	R-HSA-1250347
R-HSA-1236394	R-HSA-1251985
R-HSA-1236394	R-HSA-1253288
R-HSA-1236975	R-HSA-1236973
R-HSA-1236975	R-HSA-1236974
R-HSA-1236975	R-HSA-1236977
R-HSA-1236975	R-HSA-1236978
R-HSA-1257604	R-HSA-198323
R-HSA-1257604	R-HSA-198693
R-HSA-1257604	R-HSA-199418
R-HSA-1257604	R-HSA-6807070
R-HSA-1266738	R-HSA-1181150
R-HSA-1266738	R-HSA-186712
R-HSA-1266738	R-HSA-381340
R-HSA-1266738	R-HSA-452723
R-HSA-1266738	R-HSA-525793
R-HSA-1266738	R-HSA-5619507
R-HSA-1266738	R-HSA-5682910
R-HSA-1266738	R-HSA-6805567
R-HSA-1266738	R-HSA-9616222
R-HSA-1266738	R-HSA-9675108
R-HSA-1266738	R-HSA-9690406
R-HSA-1266738	R-HSA-9758941
R-HSA-1280215	R-HSA-1170546
R-HSA-1280215	R-HSA-449147
R-HSA-1280215	R-HSA-5668541
R-HSA-1280215	R-HSA-913531
R-HSA-1280215	R-HSA-9607240
R-HSA-1280215	R-HSA-9674555
R-HSA-1280215	R-HSA-982772
R-HSA-1280218	R-HSA-198933
R-HSA-1280218	R-HSA-202403
R-HSA-1280218	R-HSA-2132295
R-HSA-1280218	R-HSA-388841
R-HSA-1280218	R-HSA-392517
R-HSA-1280218	R-HSA-8851680
R-HSA-1280218	R-HSA-983169
R-HSA-1280218	R-HSA-983705
R-HSA-1296059	R-HSA-1296041
R-HSA-1296065	R-HSA-1296025
R-HSA-1296065	R-HSA-1296053
R-HSA-1296065	R-HSA-1296059
R-HSA-1296065	R-HSA-1296067
R-HSA-1296071	R-HSA-1296052
R-HSA-1296071	R-HSA-1296061
R-HSA-1296071	R-HSA-1296065
R-HSA-1296071	R-HSA-1296072
R-HSA-1296071	R-HSA-1296346
R-HSA-1296346	R-HSA-1299287
R-HSA-1296346	R-HSA-1299308
R-HSA-1296346	R-HSA-1299316
R-HSA-1296346	R-HSA-1299344
R-HSA-1296346	R-HSA-1299361
R-HSA-1296346	R-HSA-1299503
R-HSA-1362409	R-HSA-2395516
R-HSA-140179	R-HSA-141333
R-HSA-140179	R-HSA-141334
R-HSA-140534	R-HSA-3371378
R-HSA-140534	R-HSA-69416
R-HSA-140877	R-HSA-140834
R-HSA-140877	R-HSA-140837
R-HSA-140877	R-HSA-140875
R-HSA-141405	R-HSA-141430
R-HSA-141424	R-HSA-141444
R-HSA-1428517	R-HSA-163200
R-HSA-1428517	R-HSA-71406
R-HSA-1430728	R-HSA-1362409
R-HSA-1430728	R-HSA-1428517
R-HSA-1430728	R-HSA-1475029
R-HSA-1430728	R-HSA-1483249
R-HSA-1430728	R-HSA-15869
R-HSA-1430728	R-HSA-163685
R-HSA-1430728	R-HSA-189445
R-HSA-1430728	R-HSA-196854
R-HSA-1430728	R-HSA-202131
R-HSA-1430728	R-HSA-211859
R-HSA-1430728	R-HSA-2564830
R-HSA-1430728	R-HSA-556833
R-HSA-1430728	R-HSA-71291
R-HSA-1430728	R-HSA-71387
R-HSA-1430728	R-HSA-71737
R-HSA-1433557	R-HSA-1433559
R-HSA-1461973	R-HSA-1461957
R-HSA-1461973	R-HSA-1462054
R-HSA-1474165	R-HSA-1187000
R-HSA-1474165	R-HSA-1500620
R-HSA-1474228	R-HSA-1442490
R-HSA-1474228	R-HSA-1592389
R-HSA-1474244	R-HSA-1474228
R-HSA-1474244	R-HSA-1474290
R-HSA-1474244	R-HSA-1566948
R-HSA-1474244	R-HSA-1566977
R-HSA-1474244	R-HSA-216083
R-HSA-1474244	R-HSA-3000157
R-HSA-1474244	R-HSA-3000171
R-HSA-1474244	R-HSA-3000178
R-HSA-1474244	R-HSA-8941237
R-HSA-1474290	R-HSA-1650814
R-HSA-1474290	R-HSA-2022090
R-HSA-1480926	R-HSA-1237044
R-HSA-1480926	R-HSA-1247673
R-HSA-1483206	R-HSA-1482788
R-HSA-1483206	R-HSA-1482798
R-HSA-1483206	R-HSA-1482801
R-HSA-1483206	R-HSA-1482839
R-HSA-1483206	R-HSA-1482883
R-HSA-1483206	R-HSA-1482922
R-HSA-1483206	R-HSA-1482925
R-HSA-1483206	R-HSA-1483076
R-HSA-1483206	R-HSA-1483101
R-HSA-1483206	R-HSA-1483115
R-HSA-1483206	R-HSA-1483148
R-HSA-1483206	R-HSA-1483152
R-HSA-1483206	R-HSA-1483166
R-HSA-1483206	R-HSA-1483171
R-HSA-1483206	R-HSA-1483191
R-HSA-1483206	R-HSA-1483196
R-HSA-1483206	R-HSA-1483213
R-HSA-1483206	R-HSA-1483226
R-HSA-1483249	R-HSA-1855156
R-HSA-1483249	R-HSA-1855167
R-HSA-1483249	R-HSA-1855170
R-HSA-1483249	R-HSA-1855183
R-HSA-1483249	R-HSA-1855184
R-HSA-1483249	R-HSA-1855191
R-HSA-1483249	R-HSA-1855192
R-HSA-1483249	R-HSA-1855196
R-HSA-1483249	R-HSA-1855204
R-HSA-1483249	R-HSA-1855215
R-HSA-1483249	R-HSA-1855229
R-HSA-1483249	R-HSA-1855231
R-HSA-1483255	R-HSA-1483196
R-HSA-1483255	R-HSA-1483248
R-HSA-1483255	R-HSA-1660499
R-HSA-1483255	R-HSA-1660502
R-HSA-1483255	R-HSA-1660508
R-HSA-1483255	R-HSA-1660510
R-HSA-1483255	R-HSA-1660514
R-HSA-1483255	R-HSA-1660516
R-HSA-1483255	R-HSA-1660517
R-HSA-1483255	R-HSA-1660524
R-HSA-1483255	R-HSA-1660537
R-HSA-1483255	R-HSA-6814848
R-HSA-1483255	R-HSA-8847453
R-HSA-1483257	R-HSA-1483206
R-HSA-1483257	R-HSA-1483255
R-HSA-1489509	R-HSA-111997
R-HSA-1500620	R-HSA-1221632
R-HSA-1500620	R-HSA-912446
R-HSA-1500931	R-HSA-373753
R-HSA-1500931	R-HSA-391160
R-HSA-1500931	R-HSA-446728
R-HSA-1502540	R-HSA-2473224
R-HSA-1538133	R-HSA-1362277
R-HSA-1538133	R-HSA-1362300
R-HSA-156580	R-HSA-156581
R-HSA-156580	R-HSA-156582
R-HSA-156580	R-HSA-156584
R-HSA-156580	R-HSA-156587
R-HSA-156580	R-HSA-156588
R-HSA-156580	R-HSA-156590
R-HSA-156584	R-HSA-174362
R-HSA-156587	R-HSA-159424
R-HSA-156588	R-HSA-173599
R-HSA-156590	R-HSA-174403
R-HSA-1566948	R-HSA-2129379
R-HSA-156842	R-HSA-156902
R-HSA-157118	R-HSA-1912422
R-HSA-157118	R-HSA-1980143
R-HSA-157118	R-HSA-1980145
R-HSA-157118	R-HSA-9012852
R-HSA-157118	R-HSA-9013694
R-HSA-157579	R-HSA-171306
R-HSA-157579	R-HSA-180786
R-HSA-157579	R-HSA-9670095
R-HSA-157858	R-HSA-190828
R-HSA-157858	R-HSA-191650
R-HSA-15869	R-HSA-499943
R-HSA-15869	R-HSA-8956319
R-HSA-15869	R-HSA-8956320
R-HSA-15869	R-HSA-8956321
R-HSA-1592230	R-HSA-2151201
R-HSA-1592230	R-HSA-2151209
R-HSA-1592230	R-HSA-8949613
R-HSA-159234	R-HSA-159227
R-HSA-159234	R-HSA-159230
R-HSA-159234	R-HSA-159231
R-HSA-159424	R-HSA-177128
R-HSA-159424	R-HSA-177135
R-HSA-159424	R-HSA-177162
R-HSA-159854	R-HSA-159740
R-HSA-159854	R-HSA-159763
R-HSA-159854	R-HSA-159782
R-HSA-1606322	R-HSA-1606341
R-HSA-1606322	R-HSA-1810476
R-HSA-1614558	R-HSA-1614517
R-HSA-1614635	R-HSA-1237112
R-HSA-1614635	R-HSA-1614558
R-HSA-1614635	R-HSA-1614603
R-HSA-162582	R-HSA-157118
R-HSA-162582	R-HSA-165159
R-HSA-162582	R-HSA-195721
R-HSA-162582	R-HSA-2028269
R-HSA-162582	R-HSA-2586552
R-HSA-162582	R-HSA-354192
R-HSA-162582	R-HSA-372790
R-HSA-162582	R-HSA-5358351
R-HSA-162582	R-HSA-5683057
R-HSA-162582	R-HSA-73887
R-HSA-162582	R-HSA-9006335
R-HSA-162582	R-HSA-9006925
R-HSA-162582	R-HSA-9006927
R-HSA-162582	R-HSA-9006931
R-HSA-162582	R-HSA-9006934
R-HSA-162582	R-HSA-9006936
R-HSA-162582	R-HSA-9716542
R-HSA-162587	R-HSA-162594
R-HSA-162587	R-HSA-162599
R-HSA-162589	R-HSA-164516
R-HSA-162589	R-HSA-164525
R-HSA-162592	R-HSA-164843
R-HSA-162592	R-HSA-175567
R-HSA-162592	R-HSA-177539
R-HSA-162594	R-HSA-162585
R-HSA-162594	R-HSA-162589
R-HSA-162594	R-HSA-162592
R-HSA-162594	R-HSA-173107
R-HSA-162599	R-HSA-162588
R-HSA-162599	R-HSA-165054
R-HSA-162599	R-HSA-167172
R-HSA-162599	R-HSA-175474
R-HSA-162906	R-HSA-162587
R-HSA-162906	R-HSA-162909
R-HSA-162909	R-HSA-164952
R-HSA-162909	R-HSA-176033
R-HSA-162909	R-HSA-176034
R-HSA-162909	R-HSA-177243
R-HSA-162909	R-HSA-180534
R-HSA-162909	R-HSA-180585
R-HSA-162909	R-HSA-180689
R-HSA-1630316	R-HSA-1638074
R-HSA-1630316	R-HSA-1638091
R-HSA-1630316	R-HSA-174362
R-HSA-1630316	R-HSA-1793185
R-HSA-1630316	R-HSA-2142845
R-HSA-163125	R-HSA-162699
R-HSA-163125	R-HSA-162710
R-HSA-163125	R-HSA-162791
R-HSA-163200	R-HSA-163210
R-HSA-163200	R-HSA-166187
R-HSA-163200	R-HSA-611105
R-HSA-1632852	R-HSA-9663891
R-HSA-163359	R-HSA-164378
R-HSA-163685	R-HSA-163358
R-HSA-163685	R-HSA-163359
R-HSA-163685	R-HSA-163680
R-HSA-163685	R-HSA-163754
R-HSA-163685	R-HSA-163765
R-HSA-163685	R-HSA-163767
R-HSA-163685	R-HSA-422356
R-HSA-1638074	R-HSA-2022854
R-HSA-1638074	R-HSA-2022857
R-HSA-1638091	R-HSA-1971475
R-HSA-1638091	R-HSA-2022928
R-HSA-1638091	R-HSA-2024096
R-HSA-163841	R-HSA-159854
R-HSA-163841	R-HSA-1663150
R-HSA-163841	R-HSA-204626
R-HSA-163841	R-HSA-5358493
R-HSA-1640170	R-HSA-1500620
R-HSA-1640170	R-HSA-69278
R-HSA-1640170	R-HSA-69620
R-HSA-1640170	R-HSA-73886
R-HSA-1643685	R-HSA-5260271
R-HSA-1643685	R-HSA-5619115
R-HSA-1643685	R-HSA-5663202
R-HSA-1643685	R-HSA-5663205
R-HSA-1643685	R-HSA-5668914
R-HSA-1643685	R-HSA-9645723
R-HSA-1643685	R-HSA-9671793
R-HSA-1643685	R-HSA-9675126
R-HSA-1643685	R-HSA-9675132
R-HSA-1643685	R-HSA-9675135
R-HSA-1643685	R-HSA-9675143
R-HSA-1643685	R-HSA-9675151
R-HSA-1643713	R-HSA-5637812
R-HSA-1643713	R-HSA-5637815
R-HSA-1643713	R-HSA-5638302
R-HSA-164938	R-HSA-164939
R-HSA-164938	R-HSA-164940
R-HSA-164938	R-HSA-167590
R-HSA-164938	R-HSA-182218
R-HSA-164952	R-HSA-164938
R-HSA-164952	R-HSA-164944
R-HSA-1650814	R-HSA-8948216
R-HSA-165159	R-HSA-165181
R-HSA-165159	R-HSA-166208
R-HSA-165159	R-HSA-380972
R-HSA-1655829	R-HSA-2426168
R-HSA-166016	R-HSA-166020
R-HSA-166016	R-HSA-166058
R-HSA-166016	R-HSA-166166
R-HSA-166058	R-HSA-445989
R-HSA-166058	R-HSA-450294
R-HSA-166058	R-HSA-937039
R-HSA-166058	R-HSA-937042
R-HSA-166166	R-HSA-937061
R-HSA-166187	R-HSA-167826
R-HSA-166187	R-HSA-167827
R-HSA-166187	R-HSA-9673163
R-HSA-166520	R-HSA-187037
R-HSA-166520	R-HSA-9006115
R-HSA-166520	R-HSA-9034015
R-HSA-166520	R-HSA-9036866
R-HSA-166658	R-HSA-166663
R-HSA-166658	R-HSA-166665
R-HSA-166658	R-HSA-174577
R-HSA-166658	R-HSA-977606
R-HSA-166662	R-HSA-2855086
R-HSA-166663	R-HSA-166786
R-HSA-166663	R-HSA-173736
R-HSA-166786	R-HSA-166662
R-HSA-166786	R-HSA-173623
R-HSA-167044	R-HSA-171007
R-HSA-167169	R-HSA-167158
R-HSA-167169	R-HSA-167242
R-HSA-167169	R-HSA-167246
R-HSA-167172	R-HSA-167152
R-HSA-167172	R-HSA-167160
R-HSA-167172	R-HSA-167161
R-HSA-167172	R-HSA-167162
R-HSA-167172	R-HSA-167169
R-HSA-167172	R-HSA-167238
R-HSA-167172	R-HSA-167243
R-HSA-167172	R-HSA-167287
R-HSA-167172	R-HSA-167290
R-HSA-167246	R-HSA-167200
R-HSA-168138	R-HSA-975155
R-HSA-168142	R-HSA-975871
R-HSA-168164	R-HSA-168927
R-HSA-168164	R-HSA-445989
R-HSA-168164	R-HSA-450294
R-HSA-168164	R-HSA-9013957
R-HSA-168164	R-HSA-9013973
R-HSA-168164	R-HSA-9014325
R-HSA-168176	R-HSA-975871
R-HSA-168179	R-HSA-166058
R-HSA-168181	R-HSA-975155
R-HSA-168188	R-HSA-166058
R-HSA-168249	R-HSA-1222556
R-HSA-168249	R-HSA-166658
R-HSA-168249	R-HSA-168643
R-HSA-168249	R-HSA-168898
R-HSA-168249	R-HSA-168928
R-HSA-168249	R-HSA-1834949
R-HSA-168249	R-HSA-2029480
R-HSA-168249	R-HSA-2172127
R-HSA-168249	R-HSA-2454202
R-HSA-168249	R-HSA-5621481
R-HSA-168249	R-HSA-6798695
R-HSA-168249	R-HSA-6803157
R-HSA-168249	R-HSA-879415
R-HSA-168249	R-HSA-9645460
R-HSA-168255	R-HSA-168268
R-HSA-168255	R-HSA-168270
R-HSA-168255	R-HSA-168271
R-HSA-168255	R-HSA-168273
R-HSA-168255	R-HSA-168274
R-HSA-168255	R-HSA-168275
R-HSA-168255	R-HSA-168276
R-HSA-168255	R-HSA-168277
R-HSA-168256	R-HSA-1280215
R-HSA-168256	R-HSA-1280218
R-HSA-168256	R-HSA-168249
R-HSA-168268	R-HSA-168298
R-HSA-168268	R-HSA-168302
R-HSA-168268	R-HSA-168303
R-HSA-168268	R-HSA-168316
R-HSA-168270	R-HSA-168288
R-HSA-168270	R-HSA-168336
R-HSA-168273	R-HSA-168325
R-HSA-168273	R-HSA-192814
R-HSA-168273	R-HSA-192823
R-HSA-168273	R-HSA-192869
R-HSA-168273	R-HSA-192905
R-HSA-168274	R-HSA-168330
R-HSA-168274	R-HSA-168333
R-HSA-168276	R-HSA-168305
R-HSA-168276	R-HSA-168315
R-HSA-168276	R-HSA-169131
R-HSA-168305	R-HSA-168888
R-HSA-168316	R-HSA-168874
R-HSA-168643	R-HSA-168638
R-HSA-168643	R-HSA-622312
R-HSA-168799	R-HSA-5250955
R-HSA-168799	R-HSA-5250958
R-HSA-168799	R-HSA-5250968
R-HSA-168799	R-HSA-5250971
R-HSA-168799	R-HSA-5250981
R-HSA-168799	R-HSA-5250982
R-HSA-168799	R-HSA-5250989
R-HSA-168799	R-HSA-5250992
R-HSA-168898	R-HSA-166016
R-HSA-168898	R-HSA-1679131
R-HSA-168898	R-HSA-168138
R-HSA-168898	R-HSA-168142
R-HSA-168898	R-HSA-168164
R-HSA-168898	R-HSA-168176
R-HSA-168898	R-HSA-168181
R-HSA-168898	R-HSA-181438
R-HSA-168898	R-HSA-5686938
R-HSA-168928	R-HSA-918233
R-HSA-168928	R-HSA-933541
R-HSA-168928	R-HSA-933542
R-HSA-168928	R-HSA-933543
R-HSA-168928	R-HSA-936440
R-HSA-169893	R-HSA-170968
R-HSA-169893	R-HSA-170984
R-HSA-169911	R-HSA-211728
R-HSA-169911	R-HSA-211733
R-HSA-170834	R-HSA-2173789
R-HSA-170834	R-HSA-2173791
R-HSA-170834	R-HSA-2173793
R-HSA-174143	R-HSA-174084
R-HSA-174143	R-HSA-174178
R-HSA-174143	R-HSA-176407
R-HSA-174143	R-HSA-176408
R-HSA-174143	R-HSA-176814
R-HSA-174414	R-HSA-174437
R-HSA-174417	R-HSA-174411
R-HSA-174417	R-HSA-174414
R-HSA-174417	R-HSA-174430
R-HSA-174495	R-HSA-174490
R-HSA-174824	R-HSA-8963898
R-HSA-174824	R-HSA-8963899
R-HSA-174824	R-HSA-8964043
R-HSA-175474	R-HSA-171286
R-HSA-175474	R-HSA-174495
R-HSA-176033	R-HSA-180897
R-HSA-176033	R-HSA-180910
R-HSA-176408	R-HSA-141405
R-HSA-176408	R-HSA-174113
R-HSA-176408	R-HSA-176417
R-HSA-176409	R-HSA-174048
R-HSA-176409	R-HSA-174154
R-HSA-176409	R-HSA-179419
R-HSA-176814	R-HSA-176409
R-HSA-176814	R-HSA-176412
R-HSA-177243	R-HSA-165054
R-HSA-177243	R-HSA-180746
R-HSA-177929	R-HSA-179812
R-HSA-177929	R-HSA-180292
R-HSA-177929	R-HSA-180336
R-HSA-177929	R-HSA-182971
R-HSA-177929	R-HSA-212718
R-HSA-1793185	R-HSA-1971475
R-HSA-1793185	R-HSA-2022870
R-HSA-1793185	R-HSA-2022923
R-HSA-1793185	R-HSA-2024101
R-HSA-179419	R-HSA-174184
R-HSA-179419	R-HSA-179409
R-HSA-180786	R-HSA-171319
R-HSA-180786	R-HSA-174417
R-HSA-181431	R-HSA-622323
R-HSA-181431	R-HSA-622327
R-HSA-181438	R-HSA-168179
R-HSA-181438	R-HSA-168188
R-HSA-1834941	R-HSA-3249367
R-HSA-1834941	R-HSA-3270619
R-HSA-1834949	R-HSA-1606322
R-HSA-1834949	R-HSA-1834941
R-HSA-1834949	R-HSA-3134963
R-HSA-1834949	R-HSA-3134973
R-HSA-1834949	R-HSA-3134975
R-HSA-1839124	R-HSA-1839117
R-HSA-1839124	R-HSA-1839120
R-HSA-1839124	R-HSA-1839122
R-HSA-1839124	R-HSA-8853336
R-HSA-1839126	R-HSA-2023837
R-HSA-1839126	R-HSA-2033519
R-HSA-1839126	R-HSA-8851708
R-HSA-1839126	R-HSA-8853333
R-HSA-1852241	R-HSA-1592230
R-HSA-1852241	R-HSA-5617833
R-HSA-186712	R-HSA-210744
R-HSA-186712	R-HSA-210745
R-HSA-186712	R-HSA-210746
R-HSA-186712	R-HSA-210747
R-HSA-186797	R-HSA-186763
R-HSA-187015	R-HSA-187024
R-HSA-187015	R-HSA-187042
R-HSA-187037	R-HSA-167021
R-HSA-187037	R-HSA-177504
R-HSA-187037	R-HSA-187015
R-HSA-187037	R-HSA-187687
R-HSA-187037	R-HSA-198203
R-HSA-187037	R-HSA-198725
R-HSA-187037	R-HSA-198745
R-HSA-187037	R-HSA-198765
R-HSA-187687	R-HSA-167044
R-HSA-187687	R-HSA-169893
R-HSA-187687	R-HSA-187706
R-HSA-189445	R-HSA-189451
R-HSA-189445	R-HSA-189483
R-HSA-190236	R-HSA-5654736
R-HSA-190236	R-HSA-5654738
R-HSA-190236	R-HSA-5654741
R-HSA-190236	R-HSA-5654743
R-HSA-190239	R-HSA-190371
R-HSA-190239	R-HSA-190372
R-HSA-190241	R-HSA-190375
R-HSA-190241	R-HSA-190377
R-HSA-190242	R-HSA-190370
R-HSA-190242	R-HSA-190373
R-HSA-190242	R-HSA-190374
R-HSA-190322	R-HSA-1307965
R-HSA-190828	R-HSA-190861
R-HSA-190828	R-HSA-190873
R-HSA-190861	R-HSA-190704
R-HSA-190861	R-HSA-190827
R-HSA-190861	R-HSA-190872
R-HSA-190872	R-HSA-190840
R-HSA-190873	R-HSA-196025
R-HSA-1912422	R-HSA-1912399
R-HSA-1912422	R-HSA-1912408
R-HSA-1912422	R-HSA-1912420
R-HSA-191273	R-HSA-6807047
R-HSA-191273	R-HSA-6807062
R-HSA-192105	R-HSA-193368
R-HSA-192105	R-HSA-193775
R-HSA-192105	R-HSA-193807
R-HSA-193639	R-HSA-209543
R-HSA-193639	R-HSA-209560
R-HSA-193697	R-HSA-193634
R-HSA-193697	R-HSA-209563
R-HSA-193704	R-HSA-193639
R-HSA-193704	R-HSA-193670
R-HSA-193704	R-HSA-193681
R-HSA-193704	R-HSA-193692
R-HSA-193704	R-HSA-193697
R-HSA-193704	R-HSA-204998
R-HSA-193704	R-HSA-205017
R-HSA-194068	R-HSA-159418
R-HSA-194068	R-HSA-192105
R-HSA-194138	R-HSA-194306
R-HSA-194138	R-HSA-194313
R-HSA-194138	R-HSA-4420097
R-HSA-194313	R-HSA-195399
R-HSA-194315	R-HSA-195258
R-HSA-194315	R-HSA-9012999
R-HSA-194441	R-HSA-191859
R-HSA-195253	R-HSA-196299
R-HSA-195253	R-HSA-4641265
R-HSA-195258	R-HSA-5625740
R-HSA-195258	R-HSA-5625900
R-HSA-195258	R-HSA-5625970
R-HSA-195258	R-HSA-5626467
R-HSA-195258	R-HSA-5627083
R-HSA-195258	R-HSA-5627117
R-HSA-195258	R-HSA-5627123
R-HSA-195258	R-HSA-5663213
R-HSA-195258	R-HSA-5663220
R-HSA-195258	R-HSA-5666185
R-HSA-195258	R-HSA-5668599
R-HSA-195721	R-HSA-195253
R-HSA-195721	R-HSA-201681
R-HSA-195721	R-HSA-3238698
R-HSA-195721	R-HSA-3858494
R-HSA-196071	R-HSA-193048
R-HSA-196071	R-HSA-193144
R-HSA-196071	R-HSA-193993
R-HSA-196071	R-HSA-194002
R-HSA-196071	R-HSA-196108
R-HSA-196741	R-HSA-9758881
R-HSA-196741	R-HSA-9758890
R-HSA-196741	R-HSA-9759218
R-HSA-196807	R-HSA-197264
R-HSA-196849	R-HSA-196741
R-HSA-196849	R-HSA-196757
R-HSA-196849	R-HSA-196780
R-HSA-196849	R-HSA-196807
R-HSA-196849	R-HSA-196819
R-HSA-196849	R-HSA-196836
R-HSA-196849	R-HSA-196843
R-HSA-196849	R-HSA-199220
R-HSA-196849	R-HSA-947581
R-HSA-196849	R-HSA-964975
R-HSA-196854	R-HSA-196849
R-HSA-196854	R-HSA-6806667
R-HSA-196854	R-HSA-8978934
R-HSA-1980143	R-HSA-2122947
R-HSA-1980143	R-HSA-2122948
R-HSA-1980145	R-HSA-2197563
R-HSA-1980145	R-HSA-2979096
R-HSA-198725	R-HSA-198753
R-HSA-198725	R-HSA-199920
R-HSA-198725	R-HSA-9031628
R-HSA-198753	R-HSA-202670
R-HSA-199220	R-HSA-196783
R-HSA-199418	R-HSA-6811558
R-HSA-199977	R-HSA-204005
R-HSA-199977	R-HSA-5694530
R-HSA-199977	R-HSA-6807878
R-HSA-199991	R-HSA-1445148
R-HSA-199991	R-HSA-157858
R-HSA-199991	R-HSA-199977
R-HSA-199991	R-HSA-199992
R-HSA-199991	R-HSA-6811442
R-HSA-199991	R-HSA-8856828
R-HSA-199991	R-HSA-9007101
R-HSA-199991	R-HSA-917729
R-HSA-199992	R-HSA-432720
R-HSA-199992	R-HSA-432722
R-HSA-201556	R-HSA-9701898
R-HSA-201681	R-HSA-201688
R-HSA-201681	R-HSA-201722
R-HSA-201681	R-HSA-3769402
R-HSA-201681	R-HSA-3772470
R-HSA-201681	R-HSA-4641257
R-HSA-201681	R-HSA-4641258
R-HSA-201681	R-HSA-4641262
R-HSA-201681	R-HSA-4641263
R-HSA-201681	R-HSA-5368598
R-HSA-201722	R-HSA-4411364
R-HSA-202131	R-HSA-203615
R-HSA-202131	R-HSA-203641
R-HSA-202131	R-HSA-203754
R-HSA-2022090	R-HSA-2214320
R-HSA-2022090	R-HSA-2243919
R-HSA-202403	R-HSA-202424
R-HSA-202403	R-HSA-202427
R-HSA-202403	R-HSA-202430
R-HSA-202403	R-HSA-202433
R-HSA-202733	R-HSA-210990
R-HSA-202733	R-HSA-210991
R-HSA-202733	R-HSA-210993
R-HSA-2029480	R-HSA-2029481
R-HSA-2029480	R-HSA-2029482
R-HSA-2029480	R-HSA-2029485
R-HSA-2033514	R-HSA-1839130
R-HSA-2033514	R-HSA-2033515
R-HSA-2033514	R-HSA-8853334
R-HSA-2046104	R-HSA-2046105
R-HSA-2046104	R-HSA-2046106
R-HSA-204998	R-HSA-193648
R-HSA-204998	R-HSA-205025
R-HSA-204998	R-HSA-205043
R-HSA-209776	R-HSA-209905
R-HSA-209776	R-HSA-209931
R-HSA-209776	R-HSA-209968
R-HSA-209952	R-HSA-209822
R-HSA-209968	R-HSA-350864
R-HSA-210745	R-HSA-211163
R-HSA-211000	R-HSA-203927
R-HSA-211000	R-HSA-426486
R-HSA-211000	R-HSA-426496
R-HSA-211000	R-HSA-5578749
R-HSA-211000	R-HSA-5601884
R-HSA-211000	R-HSA-9708296
R-HSA-211859	R-HSA-156580
R-HSA-211859	R-HSA-211945
R-HSA-211859	R-HSA-5423646
R-HSA-211897	R-HSA-211916
R-HSA-211897	R-HSA-211935
R-HSA-211897	R-HSA-211958
R-HSA-211897	R-HSA-211976
R-HSA-211897	R-HSA-211979
R-HSA-211897	R-HSA-211981
R-HSA-211945	R-HSA-140179
R-HSA-211945	R-HSA-140180
R-HSA-211945	R-HSA-211897
R-HSA-211945	R-HSA-217271
R-HSA-211945	R-HSA-71384
R-HSA-211945	R-HSA-8937144
R-HSA-211976	R-HSA-211994
R-HSA-211981	R-HSA-211957
R-HSA-211981	R-HSA-211999
R-HSA-212165	R-HSA-212300
R-HSA-212165	R-HSA-5221030
R-HSA-212165	R-HSA-5250913
R-HSA-212165	R-HSA-5250941
R-HSA-212165	R-HSA-5334118
R-HSA-212436	R-HSA-2032785
R-HSA-212436	R-HSA-2173793
R-HSA-212436	R-HSA-350054
R-HSA-212436	R-HSA-3700989
R-HSA-212436	R-HSA-383280
R-HSA-212436	R-HSA-8853884
R-HSA-212436	R-HSA-8864260
R-HSA-212436	R-HSA-8878159
R-HSA-212436	R-HSA-8878166
R-HSA-212436	R-HSA-8878171
R-HSA-212436	R-HSA-8953750
R-HSA-212436	R-HSA-8986944
R-HSA-212436	R-HSA-9614085
R-HSA-2142753	R-HSA-2142670
R-HSA-2142753	R-HSA-2142688
R-HSA-2142753	R-HSA-2142691
R-HSA-2142753	R-HSA-2142696
R-HSA-2142753	R-HSA-2142712
R-HSA-2142753	R-HSA-2142770
R-HSA-2142753	R-HSA-2142816
R-HSA-2142753	R-HSA-2162123
R-HSA-2142845	R-HSA-2142850
R-HSA-2142845	R-HSA-2160916
R-HSA-2161522	R-HSA-2161517
R-HSA-2161522	R-HSA-2161541
R-HSA-2172127	R-HSA-2424491
R-HSA-2173782	R-HSA-2168880
R-HSA-2173782	R-HSA-3000471
R-HSA-2173782	R-HSA-3000480
R-HSA-2173782	R-HSA-3000484
R-HSA-2173782	R-HSA-3000497
R-HSA-2173789	R-HSA-2173788
R-HSA-2173793	R-HSA-2173795
R-HSA-2173793	R-HSA-2173796
R-HSA-2187338	R-HSA-2187335
R-HSA-2187338	R-HSA-2453902
R-HSA-2187338	R-HSA-2514856
R-HSA-2187338	R-HSA-975634
R-HSA-2206281	R-HSA-2206280
R-HSA-2206281	R-HSA-2206282
R-HSA-2206281	R-HSA-2206285
R-HSA-2206281	R-HSA-2206290
R-HSA-2206281	R-HSA-2206291
R-HSA-2206281	R-HSA-2206292
R-HSA-2206281	R-HSA-2206296
R-HSA-2206281	R-HSA-2206302
R-HSA-2206281	R-HSA-2206305
R-HSA-2206281	R-HSA-2206307
R-HSA-2206281	R-HSA-2206308
R-HSA-2219528	R-HSA-2219530
R-HSA-2219528	R-HSA-5674400
R-HSA-2219528	R-HSA-5674404
R-HSA-2262752	R-HSA-1234174
R-HSA-2262752	R-HSA-2559583
R-HSA-2262752	R-HSA-3371497
R-HSA-2262752	R-HSA-3371556
R-HSA-2262752	R-HSA-381119
R-HSA-2262752	R-HSA-9648895
R-HSA-2262752	R-HSA-9707616
R-HSA-2262752	R-HSA-9711097
R-HSA-2262752	R-HSA-9711123
R-HSA-2404192	R-HSA-2428924
R-HSA-2408522	R-HSA-2408499
R-HSA-2408522	R-HSA-2408508
R-HSA-2408522	R-HSA-2408550
R-HSA-2408522	R-HSA-2408552
R-HSA-2408522	R-HSA-2408557
R-HSA-2408522	R-HSA-5263617
R-HSA-2428924	R-HSA-2428928
R-HSA-2428924	R-HSA-2428933
R-HSA-2428928	R-HSA-112399
R-HSA-2453864	R-HSA-2466712
R-HSA-2453902	R-HSA-2466712
R-HSA-2454202	R-HSA-2730905
R-HSA-2454202	R-HSA-2871796
R-HSA-2454202	R-HSA-2871809
R-HSA-2454202	R-HSA-2871837
R-HSA-2474795	R-HSA-2453864
R-HSA-2474795	R-HSA-6809583
R-HSA-2514856	R-HSA-2485179
R-HSA-2514856	R-HSA-2514859
R-HSA-2555396	R-HSA-68881
R-HSA-2555396	R-HSA-68882
R-HSA-2559583	R-HSA-2559580
R-HSA-2559583	R-HSA-2559582
R-HSA-2559583	R-HSA-2559585
R-HSA-2559583	R-HSA-2559586
R-HSA-2559586	R-HSA-2559584
R-HSA-2644602	R-HSA-2644606
R-HSA-2644603	R-HSA-2644602
R-HSA-2644603	R-HSA-2644605
R-HSA-2644603	R-HSA-2660825
R-HSA-2644603	R-HSA-2691230
R-HSA-2644603	R-HSA-2894858
R-HSA-2644605	R-HSA-2644607
R-HSA-2660825	R-HSA-2660826
R-HSA-2672351	R-HSA-3295583
R-HSA-2682334	R-HSA-3928662
R-HSA-2682334	R-HSA-3928663
R-HSA-2682334	R-HSA-3928664
R-HSA-2682334	R-HSA-3928665
R-HSA-2691230	R-HSA-2691232
R-HSA-2894858	R-HSA-2894862
R-HSA-2980736	R-HSA-2022377
R-HSA-2980736	R-HSA-209952
R-HSA-2980736	R-HSA-264876
R-HSA-2980736	R-HSA-400508
R-HSA-2980736	R-HSA-422085
R-HSA-2980766	R-HSA-2980767
R-HSA-2980766	R-HSA-3301854
R-HSA-2980766	R-HSA-4419969
R-HSA-2990846	R-HSA-3108232
R-HSA-2990846	R-HSA-3215018
R-HSA-2995410	R-HSA-2995383
R-HSA-2995410	R-HSA-9615933
R-HSA-2995410	R-HSA-9668328
R-HSA-3000171	R-HSA-3000170
R-HSA-3108232	R-HSA-3108214
R-HSA-3108232	R-HSA-3232118
R-HSA-3108232	R-HSA-3232142
R-HSA-3108232	R-HSA-3899300
R-HSA-3108232	R-HSA-4085377
R-HSA-3108232	R-HSA-4090294
R-HSA-3108232	R-HSA-4551638
R-HSA-3108232	R-HSA-4570464
R-HSA-3108232	R-HSA-4615885
R-HSA-3108232	R-HSA-4655427
R-HSA-3108232	R-HSA-4755510
R-HSA-3134975	R-HSA-3248023
R-HSA-3215018	R-HSA-3065676
R-HSA-3215018	R-HSA-3065678
R-HSA-3215018	R-HSA-3065679
R-HSA-3229121	R-HSA-3229133
R-HSA-3229121	R-HSA-3274531
R-HSA-3229121	R-HSA-3282872
R-HSA-3229121	R-HSA-3785653
R-HSA-3229121	R-HSA-3814836
R-HSA-3229121	R-HSA-3828062
R-HSA-3229121	R-HSA-3858516
R-HSA-3229121	R-HSA-3878781
R-HSA-3229121	R-HSA-5357609
R-HSA-3247509	R-HSA-3214815
R-HSA-3247509	R-HSA-3214841
R-HSA-3247509	R-HSA-3214842
R-HSA-3247509	R-HSA-3214847
R-HSA-3247509	R-HSA-3214858
R-HSA-3296469	R-HSA-3359454
R-HSA-3296469	R-HSA-3359457
R-HSA-3296469	R-HSA-3359462
R-HSA-3296469	R-HSA-3359463
R-HSA-3296469	R-HSA-3359467
R-HSA-3296469	R-HSA-3359469
R-HSA-3296469	R-HSA-3359471
R-HSA-3296469	R-HSA-3359473
R-HSA-3296469	R-HSA-3359474
R-HSA-3296469	R-HSA-3359475
R-HSA-3296469	R-HSA-3359485
R-HSA-3296469	R-HSA-5683329
R-HSA-3296482	R-HSA-3296469
R-HSA-3296482	R-HSA-3323169
R-HSA-3304347	R-HSA-3311021
R-HSA-3304349	R-HSA-3304356
R-HSA-3304349	R-HSA-3315487
R-HSA-3304351	R-HSA-3304347
R-HSA-3304351	R-HSA-3304349
R-HSA-3304351	R-HSA-3642278
R-HSA-3304351	R-HSA-3656534
R-HSA-3323169	R-HSA-3371598
R-HSA-3323169	R-HSA-3371599
R-HSA-3371556	R-HSA-3371453
R-HSA-3371556	R-HSA-3371511
R-HSA-3371556	R-HSA-3371571
R-HSA-3371571	R-HSA-3371568
R-HSA-351202	R-HSA-350562
R-HSA-351202	R-HSA-351143
R-HSA-351202	R-HSA-351200
R-HSA-354192	R-HSA-354194
R-HSA-354192	R-HSA-372708
R-HSA-3560782	R-HSA-3560783
R-HSA-3560782	R-HSA-3560792
R-HSA-3560782	R-HSA-3560796
R-HSA-3560782	R-HSA-3560801
R-HSA-3560782	R-HSA-3595172
R-HSA-3560782	R-HSA-3595174
R-HSA-3560782	R-HSA-3595177
R-HSA-3560782	R-HSA-3656225
R-HSA-3560782	R-HSA-3656234
R-HSA-3560782	R-HSA-3656237
R-HSA-3560782	R-HSA-3656243
R-HSA-3560782	R-HSA-3656244
R-HSA-3560782	R-HSA-3656248
R-HSA-3560782	R-HSA-3656253
R-HSA-3560782	R-HSA-4420332
R-HSA-3642278	R-HSA-3642279
R-HSA-3642278	R-HSA-3645790
R-HSA-3656534	R-HSA-3656532
R-HSA-3656534	R-HSA-3656535
R-HSA-3700989	R-HSA-5628897
R-HSA-3700989	R-HSA-5633007
R-HSA-3700989	R-HSA-5633008
R-HSA-3700989	R-HSA-6791312
R-HSA-3700989	R-HSA-6796648
R-HSA-372790	R-HSA-388396
R-HSA-372790	R-HSA-500792
R-HSA-373076	R-HSA-3296197
R-HSA-373076	R-HSA-375276
R-HSA-373076	R-HSA-375280
R-HSA-373076	R-HSA-375281
R-HSA-373076	R-HSA-391903
R-HSA-373076	R-HSA-418038
R-HSA-373076	R-HSA-419408
R-HSA-373076	R-HSA-419771
R-HSA-373076	R-HSA-444209
R-HSA-373080	R-HSA-419812
R-HSA-373080	R-HSA-420092
R-HSA-373752	R-HSA-376172
R-HSA-373752	R-HSA-418885
R-HSA-373752	R-HSA-418886
R-HSA-373752	R-HSA-418890
R-HSA-373755	R-HSA-399954
R-HSA-373755	R-HSA-399955
R-HSA-373755	R-HSA-399956
R-HSA-373755	R-HSA-400685
R-HSA-373755	R-HSA-416700
R-HSA-373760	R-HSA-437239
R-HSA-373760	R-HSA-445095
R-HSA-373760	R-HSA-445144
R-HSA-373760	R-HSA-447038
R-HSA-373760	R-HSA-447041
R-HSA-373760	R-HSA-447043
R-HSA-375165	R-HSA-419037
R-HSA-375276	R-HSA-380095
R-HSA-375276	R-HSA-380108
R-HSA-375276	R-HSA-388479
R-HSA-375276	R-HSA-389397
R-HSA-375276	R-HSA-444473
R-HSA-375276	R-HSA-444821
R-HSA-375280	R-HSA-390648
R-HSA-375280	R-HSA-390650
R-HSA-375280	R-HSA-390651
R-HSA-375280	R-HSA-390666
R-HSA-375280	R-HSA-390696
R-HSA-376176	R-HSA-428540
R-HSA-376176	R-HSA-428542
R-HSA-376176	R-HSA-428543
R-HSA-376176	R-HSA-428890
R-HSA-376176	R-HSA-8985586
R-HSA-376176	R-HSA-8985801
R-HSA-376176	R-HSA-9010553
R-HSA-376176	R-HSA-9010642
R-HSA-3781860	R-HSA-4341670
R-HSA-3781860	R-HSA-4549349
R-HSA-3781860	R-HSA-4549356
R-HSA-3781860	R-HSA-4549380
R-HSA-3781860	R-HSA-4551295
R-HSA-3781860	R-HSA-4570571
R-HSA-3781860	R-HSA-4687000
R-HSA-3781860	R-HSA-4720454
R-HSA-3781860	R-HSA-4720475
R-HSA-3781860	R-HSA-4720489
R-HSA-3781860	R-HSA-4724289
R-HSA-3781860	R-HSA-4724325
R-HSA-3781860	R-HSA-4793950
R-HSA-3781860	R-HSA-4793952
R-HSA-3781860	R-HSA-4793953
R-HSA-3781860	R-HSA-4793954
R-HSA-3781860	R-HSA-5633231
R-HSA-3781865	R-HSA-3560782
R-HSA-3781865	R-HSA-3781860
R-HSA-3781865	R-HSA-3906995
R-HSA-3781865	R-HSA-5609975
R-HSA-379401	R-HSA-379397
R-HSA-379401	R-HSA-379398
R-HSA-379724	R-HSA-379716
R-HSA-379724	R-HSA-379726
R-HSA-380284	R-HSA-380259
R-HSA-380287	R-HSA-380270
R-HSA-380287	R-HSA-380284
R-HSA-380615	R-HSA-380612
R-HSA-381033	R-HSA-381183
R-HSA-381042	R-HSA-380994
R-HSA-381070	R-HSA-381038
R-HSA-381119	R-HSA-381033
R-HSA-381119	R-HSA-381042
R-HSA-381119	R-HSA-381070
R-HSA-381119	R-HSA-8874211
R-HSA-381753	R-HSA-9752946
R-HSA-382551	R-HSA-1480926
R-HSA-382551	R-HSA-174824
R-HSA-382551	R-HSA-382556
R-HSA-382551	R-HSA-425407
R-HSA-382551	R-HSA-445717
R-HSA-382551	R-HSA-5223345
R-HSA-382551	R-HSA-8949215
R-HSA-382551	R-HSA-8981607
R-HSA-382551	R-HSA-917937
R-HSA-382551	R-HSA-983712
R-HSA-382556	R-HSA-1369007
R-HSA-382556	R-HSA-1369062
R-HSA-3858494	R-HSA-4086398
R-HSA-3858494	R-HSA-4086400
R-HSA-388396	R-HSA-397795
R-HSA-388396	R-HSA-416476
R-HSA-388396	R-HSA-416482
R-HSA-388396	R-HSA-418555
R-HSA-388396	R-HSA-418594
R-HSA-388396	R-HSA-418597
R-HSA-388841	R-HSA-389356
R-HSA-388841	R-HSA-389513
R-HSA-388841	R-HSA-389948
R-HSA-389356	R-HSA-389357
R-HSA-389356	R-HSA-389359
R-HSA-389661	R-HSA-6783984
R-HSA-389958	R-HSA-389957
R-HSA-389958	R-HSA-389960
R-HSA-389958	R-HSA-390450
R-HSA-390466	R-HSA-389958
R-HSA-390466	R-HSA-390471
R-HSA-390466	R-HSA-6814122
R-HSA-3906995	R-HSA-5083625
R-HSA-3906995	R-HSA-5083627
R-HSA-3906995	R-HSA-5083628
R-HSA-3906995	R-HSA-5083629
R-HSA-3906995	R-HSA-5083630
R-HSA-3906995	R-HSA-5083632
R-HSA-3906995	R-HSA-5083633
R-HSA-3906995	R-HSA-5083635
R-HSA-3906995	R-HSA-5083636
R-HSA-390918	R-HSA-389599
R-HSA-390918	R-HSA-389887
R-HSA-390918	R-HSA-390247
R-HSA-391251	R-HSA-389977
R-HSA-391251	R-HSA-390466
R-HSA-391903	R-HSA-391906
R-HSA-391903	R-HSA-391908
R-HSA-392154	R-HSA-418457
R-HSA-392499	R-HSA-2980736
R-HSA-392499	R-HSA-381426
R-HSA-392499	R-HSA-391251
R-HSA-392499	R-HSA-5676934
R-HSA-392499	R-HSA-5683826
R-HSA-392499	R-HSA-597592
R-HSA-392499	R-HSA-72766
R-HSA-392499	R-HSA-977225
R-HSA-392518	R-HSA-392170
R-HSA-392518	R-HSA-418592
R-HSA-392518	R-HSA-428930
R-HSA-397014	R-HSA-390522
R-HSA-397014	R-HSA-445355
R-HSA-397014	R-HSA-5576891
R-HSA-397795	R-HSA-392451
R-HSA-397795	R-HSA-418217
R-HSA-397795	R-HSA-8964315
R-HSA-397795	R-HSA-8964616
R-HSA-399719	R-HSA-416993
R-HSA-399721	R-HSA-399710
R-HSA-399721	R-HSA-399719
R-HSA-400206	R-HSA-1989781
R-HSA-400253	R-HSA-1368071
R-HSA-400253	R-HSA-1368082
R-HSA-400253	R-HSA-1368108
R-HSA-400451	R-HSA-434313
R-HSA-400451	R-HSA-434316
R-HSA-400508	R-HSA-381771
R-HSA-400508	R-HSA-400511
R-HSA-400685	R-HSA-416550
R-HSA-400685	R-HSA-416572
R-HSA-4086400	R-HSA-4608870
R-HSA-4086400	R-HSA-5099900
R-HSA-4086400	R-HSA-5140745
R-HSA-416476	R-HSA-114508
R-HSA-416476	R-HSA-881907
R-HSA-418038	R-HSA-417957
R-HSA-418038	R-HSA-417973
R-HSA-418346	R-HSA-392154
R-HSA-418346	R-HSA-392851
R-HSA-418346	R-HSA-418360
R-HSA-418346	R-HSA-432142
R-HSA-418360	R-HSA-139853
R-HSA-418360	R-HSA-418359
R-HSA-418555	R-HSA-9634597
R-HSA-418594	R-HSA-111885
R-HSA-418990	R-HSA-420597
R-HSA-421270	R-HSA-373756
R-HSA-421270	R-HSA-418990
R-HSA-421270	R-HSA-420029
R-HSA-422356	R-HSA-381676
R-HSA-422356	R-HSA-399997
R-HSA-422356	R-HSA-400042
R-HSA-422356	R-HSA-400451
R-HSA-422475	R-HSA-2682334
R-HSA-422475	R-HSA-373752
R-HSA-422475	R-HSA-373755
R-HSA-422475	R-HSA-373760
R-HSA-422475	R-HSA-375165
R-HSA-422475	R-HSA-376176
R-HSA-422475	R-HSA-8853659
R-HSA-422475	R-HSA-8866376
R-HSA-425366	R-HSA-425410
R-HSA-425366	R-HSA-429593
R-HSA-425366	R-HSA-433137
R-HSA-425366	R-HSA-433692
R-HSA-425366	R-HSA-442660
R-HSA-425366	R-HSA-444411
R-HSA-425366	R-HSA-549132
R-HSA-425393	R-HSA-352230
R-HSA-425393	R-HSA-425381
R-HSA-425393	R-HSA-425561
R-HSA-425393	R-HSA-425986
R-HSA-425393	R-HSA-426117
R-HSA-425393	R-HSA-427601
R-HSA-425393	R-HSA-427652
R-HSA-425393	R-HSA-427975
R-HSA-425393	R-HSA-428559
R-HSA-425393	R-HSA-428643
R-HSA-425397	R-HSA-727802
R-HSA-425397	R-HSA-804914
R-HSA-425397	R-HSA-83936
R-HSA-425397	R-HSA-879518
R-HSA-425407	R-HSA-189200
R-HSA-425407	R-HSA-425366
R-HSA-425407	R-HSA-425393
R-HSA-425407	R-HSA-425397
R-HSA-425410	R-HSA-435354
R-HSA-427652	R-HSA-427589
R-HSA-428157	R-HSA-1660661
R-HSA-428157	R-HSA-1660662
R-HSA-429914	R-HSA-429947
R-HSA-429914	R-HSA-429958
R-HSA-429914	R-HSA-430039
R-HSA-435354	R-HSA-435368
R-HSA-435354	R-HSA-442380
R-HSA-438064	R-HSA-442720
R-HSA-438064	R-HSA-442729
R-HSA-438064	R-HSA-442742
R-HSA-438064	R-HSA-9619229
R-HSA-438064	R-HSA-9619483
R-HSA-438064	R-HSA-9620244
R-HSA-4420097	R-HSA-5218920
R-HSA-4420097	R-HSA-5218921
R-HSA-442742	R-HSA-442982
R-HSA-442742	R-HSA-444257
R-HSA-442755	R-HSA-438064
R-HSA-442755	R-HSA-438066
R-HSA-442755	R-HSA-9609736
R-HSA-442755	R-HSA-9617324
R-HSA-445717	R-HSA-432030
R-HSA-445717	R-HSA-432040
R-HSA-445717	R-HSA-432047
R-HSA-445989	R-HSA-9758274
R-HSA-446193	R-HSA-446219
R-HSA-446203	R-HSA-446193
R-HSA-446203	R-HSA-532668
R-HSA-446203	R-HSA-948021
R-HSA-446219	R-HSA-162699
R-HSA-446219	R-HSA-4085001
R-HSA-446219	R-HSA-446199
R-HSA-446219	R-HSA-446205
R-HSA-446219	R-HSA-446210
R-HSA-446219	R-HSA-480985
R-HSA-446219	R-HSA-6787639
R-HSA-446353	R-HSA-446343
R-HSA-446353	R-HSA-446388
R-HSA-446652	R-HSA-448706
R-HSA-446652	R-HSA-9007892
R-HSA-446652	R-HSA-9008059
R-HSA-446652	R-HSA-9012546
R-HSA-446652	R-HSA-9014826
R-HSA-446652	R-HSA-9014843
R-HSA-446652	R-HSA-9020702
R-HSA-446728	R-HSA-421270
R-HSA-446728	R-HSA-446107
R-HSA-446728	R-HSA-446353
R-HSA-447115	R-HSA-8984722
R-HSA-447115	R-HSA-9020591
R-HSA-447115	R-HSA-9020933
R-HSA-447115	R-HSA-9020956
R-HSA-448424	R-HSA-450294
R-HSA-449147	R-HSA-1266695
R-HSA-449147	R-HSA-446652
R-HSA-449147	R-HSA-447115
R-HSA-449147	R-HSA-448424
R-HSA-449147	R-HSA-449836
R-HSA-449147	R-HSA-451927
R-HSA-449147	R-HSA-512988
R-HSA-449147	R-HSA-6783589
R-HSA-449147	R-HSA-6783783
R-HSA-449147	R-HSA-6785807
R-HSA-449147	R-HSA-8854691
R-HSA-450282	R-HSA-198753
R-HSA-450282	R-HSA-199920
R-HSA-450282	R-HSA-450341
R-HSA-450294	R-HSA-450282
R-HSA-450294	R-HSA-450302
R-HSA-450294	R-HSA-450321
R-HSA-450294	R-HSA-5684264
R-HSA-450531	R-HSA-450385
R-HSA-450531	R-HSA-450408
R-HSA-450531	R-HSA-450513
R-HSA-450531	R-HSA-450520
R-HSA-450531	R-HSA-450604
R-HSA-451306	R-HSA-451307
R-HSA-451306	R-HSA-451308
R-HSA-451326	R-HSA-451306
R-HSA-451326	R-HSA-500657
R-HSA-451927	R-HSA-8983432
R-HSA-451927	R-HSA-8985947
R-HSA-451927	R-HSA-9020558
R-HSA-451927	R-HSA-9020958
R-HSA-451927	R-HSA-912526
R-HSA-452723	R-HSA-2892245
R-HSA-452723	R-HSA-2892247
R-HSA-453274	R-HSA-68911
R-HSA-453274	R-HSA-69275
R-HSA-453276	R-HSA-174143
R-HSA-453279	R-HSA-1538133
R-HSA-453279	R-HSA-69206
R-HSA-453279	R-HSA-69236
R-HSA-4791275	R-HSA-4839735
R-HSA-4791275	R-HSA-4839743
R-HSA-4791275	R-HSA-4839744
R-HSA-4791275	R-HSA-4839748
R-HSA-4791275	R-HSA-5339700
R-HSA-4791275	R-HSA-5339716
R-HSA-4791275	R-HSA-5339717
R-HSA-4791275	R-HSA-5340573
R-HSA-4791275	R-HSA-5340588
R-HSA-4791275	R-HSA-5545619
R-HSA-4839726	R-HSA-3247509
R-HSA-4839735	R-HSA-5467340
R-HSA-4839735	R-HSA-5467345
R-HSA-4839743	R-HSA-5358747
R-HSA-4839743	R-HSA-5358749
R-HSA-4839743	R-HSA-5358751
R-HSA-4839743	R-HSA-5358752
R-HSA-4839744	R-HSA-5467333
R-HSA-4839744	R-HSA-5467337
R-HSA-4839748	R-HSA-5467343
R-HSA-4839748	R-HSA-5467348
R-HSA-500792	R-HSA-373076
R-HSA-500792	R-HSA-373080
R-HSA-500792	R-HSA-420499
R-HSA-512988	R-HSA-912526
R-HSA-512988	R-HSA-912631
R-HSA-5173105	R-HSA-5173214
R-HSA-5173105	R-HSA-913709
R-HSA-5205647	R-HSA-5205685
R-HSA-5205647	R-HSA-8934903
R-HSA-5213460	R-HSA-5675482
R-HSA-5213460	R-HSA-9686347
R-HSA-5218859	R-HSA-5213460
R-HSA-5218859	R-HSA-5620971
R-HSA-5250913	R-HSA-427389
R-HSA-5250913	R-HSA-5250924
R-HSA-5250941	R-HSA-427359
R-HSA-5250941	R-HSA-427413
R-HSA-5260271	R-HSA-5602358
R-HSA-532668	R-HSA-901042
R-HSA-5339562	R-HSA-168799
R-HSA-5339562	R-HSA-5210891
R-HSA-5339562	R-HSA-5336415
R-HSA-5339562	R-HSA-8942233
R-HSA-5357769	R-HSA-140534
R-HSA-5357769	R-HSA-418889
R-HSA-5357801	R-HSA-109581
R-HSA-5357801	R-HSA-5218859
R-HSA-5358346	R-HSA-5362798
R-HSA-5358351	R-HSA-5358346
R-HSA-5358351	R-HSA-5610787
R-HSA-5358351	R-HSA-5632684
R-HSA-5358508	R-HSA-5358565
R-HSA-5358508	R-HSA-5358606
R-HSA-5362517	R-HSA-5365859
R-HSA-5368287	R-HSA-5368286
R-HSA-5368287	R-HSA-5389840
R-HSA-5368287	R-HSA-5419276
R-HSA-5387390	R-HSA-5362768
R-HSA-5387390	R-HSA-5658034
R-HSA-5423599	R-HSA-5545483
R-HSA-5423599	R-HSA-5632927
R-HSA-5423599	R-HSA-5632928
R-HSA-5423599	R-HSA-5632968
R-HSA-5423599	R-HSA-5632987
R-HSA-549132	R-HSA-549127
R-HSA-549132	R-HSA-561048
R-HSA-556833	R-HSA-1483257
R-HSA-556833	R-HSA-400206
R-HSA-556833	R-HSA-428157
R-HSA-556833	R-HSA-74182
R-HSA-556833	R-HSA-8848584
R-HSA-556833	R-HSA-8957322
R-HSA-556833	R-HSA-8964572
R-HSA-556833	R-HSA-8978868
R-HSA-556833	R-HSA-8979227
R-HSA-556833	R-HSA-9018678
R-HSA-5576891	R-HSA-5576886
R-HSA-5576891	R-HSA-5576890
R-HSA-5576891	R-HSA-5576892
R-HSA-5576891	R-HSA-5576893
R-HSA-5576891	R-HSA-5576894
R-HSA-5576891	R-HSA-5578768
R-HSA-5576891	R-HSA-5578775
R-HSA-5579029	R-HSA-5578995
R-HSA-5579029	R-HSA-5578996
R-HSA-5579029	R-HSA-5578997
R-HSA-5579029	R-HSA-5578998
R-HSA-5579029	R-HSA-5578999
R-HSA-5579029	R-HSA-5579000
R-HSA-5579029	R-HSA-5579002
R-HSA-5579029	R-HSA-5579004
R-HSA-5579029	R-HSA-5579005
R-HSA-5579029	R-HSA-5579006
R-HSA-5579029	R-HSA-5579007
R-HSA-5579029	R-HSA-5579009
R-HSA-5579029	R-HSA-5579010
R-HSA-5579029	R-HSA-5579011
R-HSA-5579029	R-HSA-5579012
R-HSA-5579029	R-HSA-5579013
R-HSA-5579029	R-HSA-5579014
R-HSA-5579029	R-HSA-5579015
R-HSA-5579029	R-HSA-5579016
R-HSA-5579029	R-HSA-5579017
R-HSA-5579029	R-HSA-5579019
R-HSA-5579029	R-HSA-5579020
R-HSA-5579029	R-HSA-5579021
R-HSA-5579029	R-HSA-5579022
R-HSA-5579029	R-HSA-5579024
R-HSA-5579029	R-HSA-5579026
R-HSA-5579029	R-HSA-5579027
R-HSA-5579029	R-HSA-5579028
R-HSA-5579029	R-HSA-5579030
R-HSA-5579029	R-HSA-5579032
R-HSA-5579029	R-HSA-9035968
R-HSA-5602358	R-HSA-5602410
R-HSA-5602358	R-HSA-5602415
R-HSA-5602358	R-HSA-5602498
R-HSA-5602358	R-HSA-5602566
R-HSA-5602358	R-HSA-5602571
R-HSA-5602358	R-HSA-5602636
R-HSA-5602358	R-HSA-5602680
R-HSA-5602358	R-HSA-5603027
R-HSA-5602358	R-HSA-5603029
R-HSA-5602358	R-HSA-5603037
R-HSA-5602358	R-HSA-5603041
R-HSA-5607764	R-HSA-5607761
R-HSA-5607764	R-HSA-5607763
R-HSA-5607764	R-HSA-5660668
R-HSA-5609975	R-HSA-4043911
R-HSA-5609975	R-HSA-4043916
R-HSA-5609975	R-HSA-4085011
R-HSA-5609975	R-HSA-4085023
R-HSA-5609975	R-HSA-4717374
R-HSA-5609975	R-HSA-4719360
R-HSA-5609975	R-HSA-4719377
R-HSA-5609975	R-HSA-4755579
R-HSA-5609975	R-HSA-4755583
R-HSA-5609975	R-HSA-4755609
R-HSA-5609975	R-HSA-5609974
R-HSA-5609975	R-HSA-5609976
R-HSA-5609975	R-HSA-5609977
R-HSA-5609975	R-HSA-5609978
R-HSA-5610787	R-HSA-5610780
R-HSA-5610787	R-HSA-5610783
R-HSA-5610787	R-HSA-5610785
R-HSA-5617833	R-HSA-5620912
R-HSA-5617833	R-HSA-5620920
R-HSA-5617833	R-HSA-5620924
R-HSA-5619084	R-HSA-5678420
R-HSA-5619084	R-HSA-5678520
R-HSA-5619084	R-HSA-5678771
R-HSA-5619084	R-HSA-5678895
R-HSA-5619084	R-HSA-5679001
R-HSA-5619084	R-HSA-5679090
R-HSA-5619084	R-HSA-5679096
R-HSA-5619084	R-HSA-5682113
R-HSA-5619084	R-HSA-5682294
R-HSA-5619084	R-HSA-5683177
R-HSA-5619084	R-HSA-5683329
R-HSA-5619084	R-HSA-5683371
R-HSA-5619084	R-HSA-5683678
R-HSA-5619084	R-HSA-5684045
R-HSA-5619084	R-HSA-5690338
R-HSA-5619102	R-HSA-3560792
R-HSA-5619102	R-HSA-5619035
R-HSA-5619102	R-HSA-5619036
R-HSA-5619102	R-HSA-5619037
R-HSA-5619102	R-HSA-5619039
R-HSA-5619102	R-HSA-5619040
R-HSA-5619102	R-HSA-5619041
R-HSA-5619102	R-HSA-5619042
R-HSA-5619102	R-HSA-5619043
R-HSA-5619102	R-HSA-5619044
R-HSA-5619102	R-HSA-5619045
R-HSA-5619102	R-HSA-5619046
R-HSA-5619102	R-HSA-5619047
R-HSA-5619102	R-HSA-5619048
R-HSA-5619102	R-HSA-5619049
R-HSA-5619102	R-HSA-5619050
R-HSA-5619102	R-HSA-5619052
R-HSA-5619102	R-HSA-5619053
R-HSA-5619102	R-HSA-5619054
R-HSA-5619102	R-HSA-5619055
R-HSA-5619102	R-HSA-5619056
R-HSA-5619102	R-HSA-5619058
R-HSA-5619102	R-HSA-5619060
R-HSA-5619102	R-HSA-5619061
R-HSA-5619102	R-HSA-5619062
R-HSA-5619102	R-HSA-5619063
R-HSA-5619102	R-HSA-5619066
R-HSA-5619102	R-HSA-5619067
R-HSA-5619102	R-HSA-5619068
R-HSA-5619102	R-HSA-5619070
R-HSA-5619102	R-HSA-5619071
R-HSA-5619102	R-HSA-5619072
R-HSA-5619102	R-HSA-5619073
R-HSA-5619102	R-HSA-5619076
R-HSA-5619102	R-HSA-5619077
R-HSA-5619102	R-HSA-5619078
R-HSA-5619102	R-HSA-5619079
R-HSA-5619102	R-HSA-5619081
R-HSA-5619102	R-HSA-5619083
R-HSA-5619102	R-HSA-5619085
R-HSA-5619102	R-HSA-5619087
R-HSA-5619102	R-HSA-5619088
R-HSA-5619102	R-HSA-5619089
R-HSA-5619102	R-HSA-5619092
R-HSA-5619102	R-HSA-5619094
R-HSA-5619102	R-HSA-5619095
R-HSA-5619102	R-HSA-5619096
R-HSA-5619102	R-HSA-5619097
R-HSA-5619102	R-HSA-5619098
R-HSA-5619102	R-HSA-5619099
R-HSA-5619102	R-HSA-5619101
R-HSA-5619102	R-HSA-5619104
R-HSA-5619102	R-HSA-5619107
R-HSA-5619102	R-HSA-5619108
R-HSA-5619102	R-HSA-5619109
R-HSA-5619102	R-HSA-5619110
R-HSA-5619102	R-HSA-5619111
R-HSA-5619102	R-HSA-5619113
R-HSA-5619102	R-HSA-5619114
R-HSA-5619102	R-HSA-5655799
R-HSA-5619102	R-HSA-5656364
R-HSA-5619102	R-HSA-5658208
R-HSA-5619102	R-HSA-5658471
R-HSA-5619102	R-HSA-5659729
R-HSA-5619102	R-HSA-5659735
R-HSA-5619102	R-HSA-5660686
R-HSA-5619102	R-HSA-5660724
R-HSA-5619102	R-HSA-5660862
R-HSA-5619102	R-HSA-5660883
R-HSA-5619102	R-HSA-5663020
R-HSA-5619102	R-HSA-9036092
R-HSA-5619115	R-HSA-5619084
R-HSA-5619115	R-HSA-5619102
R-HSA-5619507	R-HSA-5617472
R-HSA-5620920	R-HSA-5620916
R-HSA-5620920	R-HSA-5620922
R-HSA-5620920	R-HSA-5624138
R-HSA-5620920	R-HSA-5624958
R-HSA-5621481	R-HSA-5607764
R-HSA-5621481	R-HSA-5621480
R-HSA-5621481	R-HSA-5621575
R-HSA-5625740	R-HSA-5625886
R-HSA-5632684	R-HSA-5632681
R-HSA-5632684	R-HSA-5635838
R-HSA-5632684	R-HSA-5635851
R-HSA-5633007	R-HSA-6804756
R-HSA-5633007	R-HSA-6804758
R-HSA-5633007	R-HSA-6804759
R-HSA-5633007	R-HSA-6804760
R-HSA-5633007	R-HSA-6806003
R-HSA-5633008	R-HSA-6803204
R-HSA-5633008	R-HSA-6803205
R-HSA-5633008	R-HSA-6803207
R-HSA-5633008	R-HSA-6803211
R-HSA-5637812	R-HSA-5637810
R-HSA-5637815	R-HSA-1236382
R-HSA-5638302	R-HSA-5638303
R-HSA-5652084	R-HSA-5652227
R-HSA-5652084	R-HSA-70350
R-HSA-5653656	R-HSA-199991
R-HSA-5653656	R-HSA-2173782
R-HSA-5654687	R-HSA-5654219
R-HSA-5654687	R-HSA-5654688
R-HSA-5654687	R-HSA-5654689
R-HSA-5654687	R-HSA-5654693
R-HSA-5654696	R-HSA-5654221
R-HSA-5654696	R-HSA-5654695
R-HSA-5654696	R-HSA-5654699
R-HSA-5654696	R-HSA-5654700
R-HSA-5654708	R-HSA-5654227
R-HSA-5654708	R-HSA-5654704
R-HSA-5654708	R-HSA-5654706
R-HSA-5654708	R-HSA-5654710
R-HSA-5654716	R-HSA-5654228
R-HSA-5654716	R-HSA-5654712
R-HSA-5654716	R-HSA-5654719
R-HSA-5654716	R-HSA-5654720
R-HSA-5654726	R-HSA-1295596
R-HSA-5654727	R-HSA-1295596
R-HSA-5654732	R-HSA-1295596
R-HSA-5654733	R-HSA-1295596
R-HSA-5654736	R-HSA-190242
R-HSA-5654736	R-HSA-5654687
R-HSA-5654736	R-HSA-5654726
R-HSA-5654736	R-HSA-5658623
R-HSA-5654738	R-HSA-190241
R-HSA-5654738	R-HSA-5654696
R-HSA-5654738	R-HSA-5654727
R-HSA-5654738	R-HSA-6803529
R-HSA-5654741	R-HSA-190239
R-HSA-5654741	R-HSA-5654708
R-HSA-5654741	R-HSA-5654732
R-HSA-5654743	R-HSA-190322
R-HSA-5654743	R-HSA-5654716
R-HSA-5654743	R-HSA-5654733
R-HSA-5655253	R-HSA-1839126
R-HSA-5655291	R-HSA-1839128
R-HSA-5655302	R-HSA-1839124
R-HSA-5655332	R-HSA-2033514
R-HSA-5660526	R-HSA-5660489
R-HSA-5660526	R-HSA-5661231
R-HSA-5663084	R-HSA-2206281
R-HSA-5663084	R-HSA-3229121
R-HSA-5663084	R-HSA-5657560
R-HSA-5663084	R-HSA-5657562
R-HSA-5663084	R-HSA-5659898
R-HSA-5663084	R-HSA-5662853
R-HSA-5663084	R-HSA-6791465
R-HSA-5663202	R-HSA-1226099
R-HSA-5663202	R-HSA-1227990
R-HSA-5663202	R-HSA-1643713
R-HSA-5663202	R-HSA-2219528
R-HSA-5663202	R-HSA-2644603
R-HSA-5663202	R-HSA-3304351
R-HSA-5663202	R-HSA-4791275
R-HSA-5663202	R-HSA-5387390
R-HSA-5663202	R-HSA-6802957
R-HSA-5663202	R-HSA-9669938
R-HSA-5663202	R-HSA-9671555
R-HSA-5663202	R-HSA-9682385
R-HSA-5663202	R-HSA-9700206
R-HSA-5663205	R-HSA-162906
R-HSA-5663205	R-HSA-168255
R-HSA-5663205	R-HSA-5339562
R-HSA-5663205	R-HSA-8876384
R-HSA-5663205	R-HSA-9609646
R-HSA-5663205	R-HSA-9635486
R-HSA-5663205	R-HSA-9658195
R-HSA-5663205	R-HSA-9679506
R-HSA-5668541	R-HSA-5669034
R-HSA-5668541	R-HSA-5676590
R-HSA-5668541	R-HSA-5676594
R-HSA-5668914	R-HSA-2160456
R-HSA-5668914	R-HSA-2978092
R-HSA-5668914	R-HSA-3296482
R-HSA-5668914	R-HSA-3781865
R-HSA-5668914	R-HSA-5579029
R-HSA-5668914	R-HSA-5579031
R-HSA-5668914	R-HSA-5663084
R-HSA-5668914	R-HSA-5687613
R-HSA-5668914	R-HSA-9735804
R-HSA-5668914	R-HSA-9759774
R-HSA-5673001	R-HSA-5658442
R-HSA-5673001	R-HSA-5673000
R-HSA-5673001	R-HSA-5674135
R-HSA-5673001	R-HSA-5675221
R-HSA-5673001	R-HSA-9648002
R-HSA-5675221	R-HSA-5674499
R-HSA-5675482	R-HSA-5218900
R-HSA-5683057	R-HSA-5684996
R-HSA-5683057	R-HSA-5687128
R-HSA-5684996	R-HSA-112409
R-HSA-5684996	R-HSA-5673001
R-HSA-5685942	R-HSA-5693537
R-HSA-5685942	R-HSA-5693579
R-HSA-5687613	R-HSA-5687583
R-HSA-5687613	R-HSA-5687868
R-HSA-5687613	R-HSA-5688031
R-HSA-5687613	R-HSA-5688354
R-HSA-5687613	R-HSA-5688399
R-HSA-5687613	R-HSA-5688849
R-HSA-5687613	R-HSA-5688890
R-HSA-5688426	R-HSA-5689603
R-HSA-5688426	R-HSA-5689877
R-HSA-5688426	R-HSA-5689880
R-HSA-5688426	R-HSA-5689896
R-HSA-5688426	R-HSA-5689901
R-HSA-5693532	R-HSA-5693538
R-HSA-5693532	R-HSA-5693571
R-HSA-5693532	R-HSA-5693606
R-HSA-5693537	R-HSA-5693554
R-HSA-5693537	R-HSA-5693568
R-HSA-5693538	R-HSA-5685939
R-HSA-5693538	R-HSA-5693567
R-HSA-5693567	R-HSA-5685938
R-HSA-5693567	R-HSA-5685942
R-HSA-5693567	R-HSA-5693607
R-HSA-5693579	R-HSA-5693616
R-HSA-5693606	R-HSA-5693548
R-HSA-5693606	R-HSA-5693565
R-HSA-5696398	R-HSA-5696399
R-HSA-5696398	R-HSA-6781827
R-HSA-5696399	R-HSA-5696394
R-HSA-5696399	R-HSA-5696395
R-HSA-5696399	R-HSA-5696397
R-HSA-5696399	R-HSA-5696400
R-HSA-597592	R-HSA-163125
R-HSA-597592	R-HSA-163841
R-HSA-597592	R-HSA-2990846
R-HSA-597592	R-HSA-446203
R-HSA-597592	R-HSA-5173105
R-HSA-597592	R-HSA-5688426
R-HSA-597592	R-HSA-8852135
R-HSA-597592	R-HSA-8873719
R-HSA-597592	R-HSA-8876725
R-HSA-597592	R-HSA-8951664
R-HSA-597592	R-HSA-8955332
R-HSA-597592	R-HSA-8957275
R-HSA-611105	R-HSA-6799198
R-HSA-622312	R-HSA-844455
R-HSA-622312	R-HSA-844456
R-HSA-622312	R-HSA-844615
R-HSA-622312	R-HSA-844623
R-HSA-622323	R-HSA-629587
R-HSA-622323	R-HSA-629597
R-HSA-622327	R-HSA-629587
R-HSA-622327	R-HSA-629594
R-HSA-6781827	R-HSA-6781823
R-HSA-6781827	R-HSA-6782135
R-HSA-6781827	R-HSA-6782210
R-HSA-6782315	R-HSA-6782861
R-HSA-6783310	R-HSA-9750126
R-HSA-6783589	R-HSA-1059683
R-HSA-6783589	R-HSA-6788467
R-HSA-6791312	R-HSA-6804114
R-HSA-6791312	R-HSA-6804115
R-HSA-6791312	R-HSA-6804116
R-HSA-6791465	R-HSA-5659996
R-HSA-6791465	R-HSA-6791055
R-HSA-6791465	R-HSA-6791461
R-HSA-6791465	R-HSA-6791462
R-HSA-6794362	R-HSA-388844
R-HSA-6794362	R-HSA-6794361
R-HSA-6794362	R-HSA-8849932
R-HSA-6802949	R-HSA-9649913
R-HSA-6802949	R-HSA-9649948
R-HSA-6802957	R-HSA-6802946
R-HSA-6802957	R-HSA-6802948
R-HSA-6802957	R-HSA-6802949
R-HSA-6802957	R-HSA-6802952
R-HSA-6802957	R-HSA-6802953
R-HSA-6802957	R-HSA-6802955
R-HSA-6802957	R-HSA-9652169
R-HSA-6802957	R-HSA-9652817
R-HSA-6802957	R-HSA-9656223
R-HSA-6802957	R-HSA-9660537
R-HSA-6803157	R-HSA-1461973
R-HSA-6803157	R-HSA-6799990
R-HSA-6803157	R-HSA-6803544
R-HSA-6804758	R-HSA-6811555
R-HSA-6805567	R-HSA-6809371
R-HSA-6806003	R-HSA-6804754
R-HSA-6806003	R-HSA-6804757
R-HSA-6806667	R-HSA-6806664
R-HSA-6806667	R-HSA-8877627
R-HSA-6806667	R-HSA-975634
R-HSA-6806834	R-HSA-6806942
R-HSA-6806834	R-HSA-6807004
R-HSA-6806834	R-HSA-8851805
R-HSA-6806834	R-HSA-8851907
R-HSA-6806834	R-HSA-8865999
R-HSA-6806834	R-HSA-8875656
R-HSA-6806834	R-HSA-8875791
R-HSA-6806834	R-HSA-8875878
R-HSA-6807004	R-HSA-9734091
R-HSA-6807070	R-HSA-8943723
R-HSA-6807070	R-HSA-8943724
R-HSA-6807070	R-HSA-8948747
R-HSA-6807070	R-HSA-8948751
R-HSA-6811442	R-HSA-6811438
R-HSA-6811442	R-HSA-6811440
R-HSA-6811442	R-HSA-8856688
R-HSA-68867	R-HSA-68616
R-HSA-68867	R-HSA-68689
R-HSA-68875	R-HSA-162658
R-HSA-68875	R-HSA-2299718
R-HSA-68875	R-HSA-2465910
R-HSA-68875	R-HSA-2980766
R-HSA-68877	R-HSA-2500257
R-HSA-68877	R-HSA-2514853
R-HSA-68877	R-HSA-380320
R-HSA-68877	R-HSA-9648025
R-HSA-68882	R-HSA-2467813
R-HSA-68882	R-HSA-2995410
R-HSA-68884	R-HSA-2470946
R-HSA-68886	R-HSA-2555396
R-HSA-68886	R-HSA-68875
R-HSA-68886	R-HSA-68877
R-HSA-68886	R-HSA-68884
R-HSA-69002	R-HSA-68867
R-HSA-69002	R-HSA-68962
R-HSA-69052	R-HSA-68949
R-HSA-69052	R-HSA-69017
R-HSA-69109	R-HSA-69091
R-HSA-69183	R-HSA-69166
R-HSA-69186	R-HSA-69091
R-HSA-69186	R-HSA-69183
R-HSA-69190	R-HSA-176974
R-HSA-69190	R-HSA-69109
R-HSA-69190	R-HSA-69186
R-HSA-69202	R-HSA-187577
R-HSA-69202	R-HSA-69200
R-HSA-69206	R-HSA-113510
R-HSA-69206	R-HSA-68962
R-HSA-69206	R-HSA-69202
R-HSA-69206	R-HSA-69205
R-HSA-69231	R-HSA-9754119
R-HSA-69236	R-HSA-69231
R-HSA-69239	R-HSA-68952
R-HSA-69239	R-HSA-69052
R-HSA-69239	R-HSA-69190
R-HSA-69242	R-HSA-2468052
R-HSA-69242	R-HSA-69239
R-HSA-69242	R-HSA-69656
R-HSA-69242	R-HSA-75815
R-HSA-69273	R-HSA-170145
R-HSA-69275	R-HSA-156711
R-HSA-69275	R-HSA-2565942
R-HSA-69275	R-HSA-380287
R-HSA-69275	R-HSA-69273
R-HSA-69275	R-HSA-8852276
R-HSA-69275	R-HSA-8854050
R-HSA-69275	R-HSA-8854518
R-HSA-69275	R-HSA-8854521
R-HSA-69278	R-HSA-453274
R-HSA-69278	R-HSA-453276
R-HSA-69278	R-HSA-453279
R-HSA-69278	R-HSA-68886
R-HSA-69278	R-HSA-69242
R-HSA-69306	R-HSA-69002
R-HSA-69306	R-HSA-69239
R-HSA-69473	R-HSA-75035
R-HSA-69481	R-HSA-176187
R-HSA-69481	R-HSA-69473
R-HSA-69481	R-HSA-69478
R-HSA-69541	R-HSA-349425
R-HSA-69560	R-HSA-69895
R-HSA-69563	R-HSA-69541
R-HSA-69563	R-HSA-69560
R-HSA-69580	R-HSA-69563
R-HSA-69610	R-HSA-69601
R-HSA-69613	R-HSA-69610
R-HSA-69615	R-HSA-69580
R-HSA-69615	R-HSA-69613
R-HSA-69618	R-HSA-141405
R-HSA-69618	R-HSA-141424
R-HSA-69620	R-HSA-69481
R-HSA-69620	R-HSA-69615
R-HSA-69620	R-HSA-69618
R-HSA-69656	R-HSA-187577
R-HSA-70171	R-HSA-170822
R-HSA-70171	R-HSA-9634600
R-HSA-70268	R-HSA-204174
R-HSA-70326	R-HSA-70171
R-HSA-70326	R-HSA-70263
R-HSA-71291	R-HSA-1614635
R-HSA-71291	R-HSA-209776
R-HSA-71291	R-HSA-2408522
R-HSA-71291	R-HSA-351202
R-HSA-71291	R-HSA-389661
R-HSA-71291	R-HSA-5662702
R-HSA-71291	R-HSA-6798163
R-HSA-71291	R-HSA-70635
R-HSA-71291	R-HSA-70688
R-HSA-71291	R-HSA-70895
R-HSA-71291	R-HSA-70921
R-HSA-71291	R-HSA-71064
R-HSA-71291	R-HSA-71240
R-HSA-71291	R-HSA-71262
R-HSA-71291	R-HSA-71288
R-HSA-71291	R-HSA-8849175
R-HSA-71291	R-HSA-8963691
R-HSA-71291	R-HSA-8963693
R-HSA-71291	R-HSA-8964539
R-HSA-71291	R-HSA-8964540
R-HSA-71291	R-HSA-977347
R-HSA-71336	R-HSA-73843
R-HSA-71387	R-HSA-1630316
R-HSA-71387	R-HSA-5652084
R-HSA-71387	R-HSA-5653890
R-HSA-71387	R-HSA-5661270
R-HSA-71387	R-HSA-70326
R-HSA-71387	R-HSA-70370
R-HSA-71387	R-HSA-71336
R-HSA-71387	R-HSA-8853383
R-HSA-71387	R-HSA-8982491
R-HSA-71387	R-HSA-9033658
R-HSA-71406	R-HSA-70268
R-HSA-71406	R-HSA-71403
R-HSA-71406	R-HSA-880009
R-HSA-72172	R-HSA-72163
R-HSA-72172	R-HSA-72165
R-HSA-72200	R-HSA-75094
R-HSA-72202	R-HSA-159234
R-HSA-72202	R-HSA-159236
R-HSA-72203	R-HSA-72172
R-HSA-72203	R-HSA-72187
R-HSA-72203	R-HSA-72202
R-HSA-72306	R-HSA-6782315
R-HSA-72306	R-HSA-6784531
R-HSA-72306	R-HSA-6785470
R-HSA-72306	R-HSA-6787450
R-HSA-72312	R-HSA-8868766
R-HSA-72312	R-HSA-8868773
R-HSA-72613	R-HSA-156827
R-HSA-72613	R-HSA-72737
R-HSA-72662	R-HSA-72649
R-HSA-72737	R-HSA-72662
R-HSA-72737	R-HSA-72689
R-HSA-72737	R-HSA-72695
R-HSA-72737	R-HSA-72702
R-HSA-72737	R-HSA-72706
R-HSA-72737	R-HSA-72731
R-HSA-72766	R-HSA-156842
R-HSA-72766	R-HSA-1799339
R-HSA-72766	R-HSA-379724
R-HSA-72766	R-HSA-5368287
R-HSA-72766	R-HSA-72613
R-HSA-72766	R-HSA-72764
R-HSA-73854	R-HSA-73728
R-HSA-73854	R-HSA-73762
R-HSA-73854	R-HSA-73772
R-HSA-73857	R-HSA-212436
R-HSA-73857	R-HSA-674695
R-HSA-73857	R-HSA-6807505
R-HSA-73857	R-HSA-73779
R-HSA-73857	R-HSA-73856
R-HSA-73857	R-HSA-75955
R-HSA-73857	R-HSA-76042
R-HSA-73857	R-HSA-77075
R-HSA-73864	R-HSA-73854
R-HSA-73864	R-HSA-73863
R-HSA-73884	R-HSA-73929
R-HSA-73884	R-HSA-73933
R-HSA-73886	R-HSA-157579
R-HSA-73886	R-HSA-774815
R-HSA-73887	R-HSA-193704
R-HSA-73887	R-HSA-75157
R-HSA-73887	R-HSA-75158
R-HSA-73887	R-HSA-75893
R-HSA-73893	R-HSA-110313
R-HSA-73893	R-HSA-110314
R-HSA-73894	R-HSA-5358508
R-HSA-73894	R-HSA-5693532
R-HSA-73894	R-HSA-5696398
R-HSA-73894	R-HSA-6783310
R-HSA-73894	R-HSA-73884
R-HSA-73894	R-HSA-73893
R-HSA-73894	R-HSA-73942
R-HSA-73927	R-HSA-110330
R-HSA-73927	R-HSA-110331
R-HSA-73928	R-HSA-110328
R-HSA-73928	R-HSA-110329
R-HSA-73929	R-HSA-73927
R-HSA-73929	R-HSA-73928
R-HSA-73929	R-HSA-9636003
R-HSA-73929	R-HSA-9730737
R-HSA-73933	R-HSA-110357
R-HSA-73933	R-HSA-110373
R-HSA-73933	R-HSA-110381
R-HSA-73933	R-HSA-5649702
R-HSA-73942	R-HSA-5657655
R-HSA-73942	R-HSA-73943
R-HSA-73942	R-HSA-9729902
R-HSA-73943	R-HSA-112122
R-HSA-73943	R-HSA-112126
R-HSA-74158	R-HSA-73780
R-HSA-74158	R-HSA-73980
R-HSA-74158	R-HSA-749476
R-HSA-74158	R-HSA-76046
R-HSA-74160	R-HSA-211000
R-HSA-74160	R-HSA-212165
R-HSA-74160	R-HSA-73857
R-HSA-74160	R-HSA-73864
R-HSA-74160	R-HSA-74158
R-HSA-74160	R-HSA-75944
R-HSA-74182	R-HSA-77108
R-HSA-74182	R-HSA-77111
R-HSA-74259	R-HSA-2393930
R-HSA-74751	R-HSA-112399
R-HSA-74751	R-HSA-74713
R-HSA-74751	R-HSA-74749
R-HSA-74752	R-HSA-74751
R-HSA-74752	R-HSA-77387
R-HSA-75064	R-HSA-75102
R-HSA-75064	R-HSA-77042
R-HSA-75067	R-HSA-111367
R-HSA-75067	R-HSA-77588
R-HSA-75067	R-HSA-77595
R-HSA-75072	R-HSA-72200
R-HSA-75072	R-HSA-75064
R-HSA-75105	R-HSA-75876
R-HSA-75153	R-HSA-111465
R-HSA-75153	R-HSA-140342
R-HSA-75153	R-HSA-211736
R-HSA-75893	R-HSA-5357786
R-HSA-75893	R-HSA-5357905
R-HSA-75893	R-HSA-5357956
R-HSA-75893	R-HSA-5626978
R-HSA-75944	R-HSA-163282
R-HSA-75944	R-HSA-163316
R-HSA-75955	R-HSA-112382
R-HSA-75955	R-HSA-113418
R-HSA-76002	R-HSA-114508
R-HSA-76002	R-HSA-114604
R-HSA-76002	R-HSA-392518
R-HSA-76002	R-HSA-430116
R-HSA-76002	R-HSA-456926
R-HSA-76002	R-HSA-76005
R-HSA-76002	R-HSA-76009
R-HSA-76005	R-HSA-114516
R-HSA-76005	R-HSA-114608
R-HSA-76009	R-HSA-354192
R-HSA-76009	R-HSA-392023
R-HSA-76042	R-HSA-73776
R-HSA-76042	R-HSA-75953
R-HSA-76046	R-HSA-76061
R-HSA-76046	R-HSA-76066
R-HSA-76046	R-HSA-76071
R-HSA-77286	R-HSA-77285
R-HSA-77286	R-HSA-77305
R-HSA-77286	R-HSA-77310
R-HSA-77286	R-HSA-77346
R-HSA-77286	R-HSA-77348
R-HSA-77286	R-HSA-77350
R-HSA-77286	R-HSA-77352
R-HSA-77289	R-HSA-71032
R-HSA-77289	R-HSA-77286
R-HSA-77289	R-HSA-77288
R-HSA-774815	R-HSA-606279
R-HSA-877300	R-HSA-877312
R-HSA-881907	R-HSA-2179392
R-HSA-8848021	R-HSA-8847993
R-HSA-8848021	R-HSA-8849468
R-HSA-8848021	R-HSA-8849469
R-HSA-8848021	R-HSA-8849470
R-HSA-8848021	R-HSA-8849471
R-HSA-8848021	R-HSA-8849472
R-HSA-8848021	R-HSA-8849473
R-HSA-8848021	R-HSA-8849474
R-HSA-8848021	R-HSA-8857538
R-HSA-8848584	R-HSA-75896
R-HSA-8848584	R-HSA-9640463
R-HSA-8852135	R-HSA-8866652
R-HSA-8852135	R-HSA-8866654
R-HSA-8856688	R-HSA-6811434
R-HSA-8856688	R-HSA-6811436
R-HSA-8856828	R-HSA-8856825
R-HSA-8863678	R-HSA-8862803
R-HSA-8863795	R-HSA-1358803
R-HSA-8864260	R-HSA-8866904
R-HSA-8864260	R-HSA-8866906
R-HSA-8864260	R-HSA-8866907
R-HSA-8864260	R-HSA-8866910
R-HSA-8864260	R-HSA-8866911
R-HSA-8864260	R-HSA-8869496
R-HSA-8868766	R-HSA-6793080
R-HSA-8868773	R-HSA-6790901
R-HSA-8868773	R-HSA-6791226
R-HSA-8875878	R-HSA-8874081
R-HSA-8875878	R-HSA-8875513
R-HSA-8875878	R-HSA-8875555
R-HSA-8876384	R-HSA-8875360
R-HSA-8876384	R-HSA-8876493
R-HSA-8878159	R-HSA-8941855
R-HSA-8878159	R-HSA-8941856
R-HSA-8878159	R-HSA-8941858
R-HSA-8878159	R-HSA-8949275
R-HSA-8878159	R-HSA-8951430
R-HSA-8878159	R-HSA-8951671
R-HSA-8878159	R-HSA-8951911
R-HSA-8878159	R-HSA-8951936
R-HSA-8878159	R-HSA-8952158
R-HSA-8878166	R-HSA-8939902
R-HSA-8878166	R-HSA-8941326
R-HSA-8878166	R-HSA-8941332
R-HSA-8878166	R-HSA-8941333
R-HSA-8878171	R-HSA-8877330
R-HSA-8878171	R-HSA-8931987
R-HSA-8878171	R-HSA-8934593
R-HSA-8878171	R-HSA-8935964
R-HSA-8878171	R-HSA-8936459
R-HSA-8878171	R-HSA-8939236
R-HSA-8878171	R-HSA-8939242
R-HSA-8878171	R-HSA-8939243
R-HSA-8878171	R-HSA-8939245
R-HSA-8878171	R-HSA-8939246
R-HSA-8878171	R-HSA-8939247
R-HSA-8878171	R-HSA-8939256
R-HSA-888590	R-HSA-888568
R-HSA-888590	R-HSA-888593
R-HSA-888590	R-HSA-916853
R-HSA-8935690	R-HSA-189085
R-HSA-8935690	R-HSA-192456
R-HSA-8939211	R-HSA-9009391
R-HSA-8939211	R-HSA-9018519
R-HSA-8941326	R-HSA-8940973
R-HSA-8941326	R-HSA-8941284
R-HSA-8943723	R-HSA-8948700
R-HSA-8949215	R-HSA-8949664
R-HSA-8953854	R-HSA-194441
R-HSA-8953854	R-HSA-428359
R-HSA-8953854	R-HSA-429914
R-HSA-8953854	R-HSA-450531
R-HSA-8953854	R-HSA-72086
R-HSA-8953854	R-HSA-72203
R-HSA-8953854	R-HSA-72306
R-HSA-8953854	R-HSA-72312
R-HSA-8953854	R-HSA-75067
R-HSA-8953854	R-HSA-75072
R-HSA-8953854	R-HSA-927802
R-HSA-8953897	R-HSA-2262752
R-HSA-8953897	R-HSA-5660526
R-HSA-8956319	R-HSA-73621
R-HSA-8956319	R-HSA-74259
R-HSA-8956319	R-HSA-8850843
R-HSA-8956320	R-HSA-500753
R-HSA-8956320	R-HSA-73817
R-HSA-8956321	R-HSA-73614
R-HSA-8956321	R-HSA-74217
R-HSA-8957322	R-HSA-1655829
R-HSA-8957322	R-HSA-191273
R-HSA-8957322	R-HSA-194068
R-HSA-8957322	R-HSA-196071
R-HSA-8957322	R-HSA-196791
R-HSA-8963676	R-HSA-8963678
R-HSA-8963676	R-HSA-8981373
R-HSA-8963691	R-HSA-8963684
R-HSA-8963691	R-HSA-8964208
R-HSA-8963743	R-HSA-8935690
R-HSA-8963743	R-HSA-8963676
R-HSA-8963898	R-HSA-8866423
R-HSA-8963898	R-HSA-8963888
R-HSA-8963898	R-HSA-8963896
R-HSA-8963899	R-HSA-8963889
R-HSA-8963899	R-HSA-8963901
R-HSA-8963899	R-HSA-8964041
R-HSA-8963899	R-HSA-8964058
R-HSA-8964043	R-HSA-8866427
R-HSA-8964043	R-HSA-8964011
R-HSA-8964043	R-HSA-8964026
R-HSA-8964043	R-HSA-8964038
R-HSA-8964043	R-HSA-8964046
R-HSA-8978868	R-HSA-200425
R-HSA-8978868	R-HSA-2046104
R-HSA-8978868	R-HSA-2142753
R-HSA-8978868	R-HSA-390918
R-HSA-8978868	R-HSA-75105
R-HSA-8978868	R-HSA-77289
R-HSA-8978934	R-HSA-1474151
R-HSA-8978934	R-HSA-2142789
R-HSA-8978934	R-HSA-389542
R-HSA-8979227	R-HSA-163560
R-HSA-8979227	R-HSA-75109
R-HSA-8982491	R-HSA-3322077
R-HSA-8982491	R-HSA-70221
R-HSA-8986944	R-HSA-9022692
R-HSA-8986944	R-HSA-9022699
R-HSA-8986944	R-HSA-9022702
R-HSA-8986944	R-HSA-9022707
R-HSA-8986944	R-HSA-9022927
R-HSA-9005891	R-HSA-9022534
R-HSA-9005891	R-HSA-9022535
R-HSA-9005891	R-HSA-9022537
R-HSA-9005891	R-HSA-9022538
R-HSA-9005895	R-HSA-9005891
R-HSA-9006115	R-HSA-9024909
R-HSA-9006115	R-HSA-9025046
R-HSA-9006115	R-HSA-9026357
R-HSA-9006115	R-HSA-9026519
R-HSA-9006115	R-HSA-9026527
R-HSA-9006115	R-HSA-9028335
R-HSA-9006115	R-HSA-9028731
R-HSA-9006115	R-HSA-9032500
R-HSA-9006115	R-HSA-9032845
R-HSA-9006335	R-HSA-9027276
R-HSA-9006335	R-HSA-9027277
R-HSA-9006335	R-HSA-9027283
R-HSA-9006335	R-HSA-9027284
R-HSA-9006821	R-HSA-9670621
R-HSA-9006925	R-HSA-1257604
R-HSA-9006925	R-HSA-1489509
R-HSA-9006927	R-HSA-8848021
R-HSA-9006931	R-HSA-5362517
R-HSA-9006931	R-HSA-8939211
R-HSA-9006931	R-HSA-9024446
R-HSA-9006934	R-HSA-1227986
R-HSA-9006934	R-HSA-1236394
R-HSA-9006934	R-HSA-1433557
R-HSA-9006934	R-HSA-166520
R-HSA-9006934	R-HSA-177929
R-HSA-9006934	R-HSA-186797
R-HSA-9006934	R-HSA-190236
R-HSA-9006934	R-HSA-194138
R-HSA-9006934	R-HSA-201556
R-HSA-9006934	R-HSA-2404192
R-HSA-9006934	R-HSA-6806834
R-HSA-9006934	R-HSA-74752
R-HSA-9006934	R-HSA-8852405
R-HSA-9006936	R-HSA-1502540
R-HSA-9006936	R-HSA-170834
R-HSA-9006936	R-HSA-201451
R-HSA-9007101	R-HSA-8854214
R-HSA-9007101	R-HSA-8876198
R-HSA-9009391	R-HSA-9634635
R-HSA-9009391	R-HSA-9634638
R-HSA-901042	R-HSA-901032
R-HSA-9012852	R-HSA-9013507
R-HSA-9012852	R-HSA-9013508
R-HSA-9012999	R-HSA-8980692
R-HSA-9012999	R-HSA-9013026
R-HSA-9012999	R-HSA-9013106
R-HSA-9012999	R-HSA-9013148
R-HSA-9012999	R-HSA-9013149
R-HSA-9012999	R-HSA-9013404
R-HSA-9012999	R-HSA-9013405
R-HSA-9012999	R-HSA-9013406
R-HSA-9012999	R-HSA-9013407
R-HSA-9012999	R-HSA-9013408
R-HSA-9012999	R-HSA-9013409
R-HSA-9012999	R-HSA-9013420
R-HSA-9012999	R-HSA-9013423
R-HSA-9012999	R-HSA-9013424
R-HSA-9012999	R-HSA-9035034
R-HSA-9012999	R-HSA-9696264
R-HSA-9012999	R-HSA-9696270
R-HSA-9012999	R-HSA-9696273
R-HSA-9012999	R-HSA-9706574
R-HSA-9013507	R-HSA-9017802
R-HSA-9013694	R-HSA-9013695
R-HSA-9013694	R-HSA-9013700
R-HSA-9013694	R-HSA-9604323
R-HSA-9018677	R-HSA-9018676
R-HSA-9018677	R-HSA-9018681
R-HSA-9018677	R-HSA-9018682
R-HSA-9018677	R-HSA-9020265
R-HSA-9018677	R-HSA-9026395
R-HSA-9018678	R-HSA-2142700
R-HSA-9018678	R-HSA-9018677
R-HSA-9018678	R-HSA-9018679
R-HSA-9018678	R-HSA-9018683
R-HSA-9018678	R-HSA-9027604
R-HSA-9018679	R-HSA-9018896
R-HSA-9018679	R-HSA-9023661
R-HSA-9018682	R-HSA-9027307
R-HSA-9018683	R-HSA-9025094
R-HSA-9018683	R-HSA-9025106
R-HSA-9020591	R-HSA-8950505
R-HSA-9020702	R-HSA-445989
R-HSA-9020702	R-HSA-5684264
R-HSA-9024446	R-HSA-9029558
R-HSA-9024446	R-HSA-9029569
R-HSA-9024446	R-HSA-9031525
R-HSA-9024446	R-HSA-9031528
R-HSA-9024446	R-HSA-9623433
R-HSA-9024446	R-HSA-9632974
R-HSA-9025094	R-HSA-9026286
R-HSA-9025094	R-HSA-9026290
R-HSA-9025094	R-HSA-9026403
R-HSA-9026395	R-HSA-9026762
R-HSA-9026395	R-HSA-9026766
R-HSA-9032500	R-HSA-9032759
R-HSA-9033241	R-HSA-9033500
R-HSA-9033658	R-HSA-9033807
R-HSA-9033658	R-HSA-9037628
R-HSA-9033658	R-HSA-9037629
R-HSA-9034015	R-HSA-9034013
R-HSA-9034015	R-HSA-9034793
R-HSA-9034015	R-HSA-9034864
R-HSA-9034015	R-HSA-9603381
R-HSA-9034015	R-HSA-9603505
R-HSA-9036866	R-HSA-167060
R-HSA-909733	R-HSA-912694
R-HSA-913531	R-HSA-1169410
R-HSA-913531	R-HSA-877300
R-HSA-913531	R-HSA-909733
R-HSA-913709	R-HSA-977068
R-HSA-917937	R-HSA-917977
R-HSA-927802	R-HSA-975956
R-HSA-927802	R-HSA-975957
R-HSA-937061	R-HSA-2562578
R-HSA-937061	R-HSA-445989
R-HSA-937061	R-HSA-450294
R-HSA-937061	R-HSA-936964
R-HSA-937061	R-HSA-937041
R-HSA-937061	R-HSA-937072
R-HSA-948021	R-HSA-199977
R-HSA-948021	R-HSA-964739
R-HSA-948021	R-HSA-975576
R-HSA-9605308	R-HSA-9605310
R-HSA-9605308	R-HSA-9616333
R-HSA-9605308	R-HSA-9616334
R-HSA-9605308	R-HSA-9629232
R-HSA-9605308	R-HSA-9656249
R-HSA-9605310	R-HSA-9608287
R-HSA-9605310	R-HSA-9608290
R-HSA-9607240	R-HSA-9645135
R-HSA-9607240	R-HSA-9706369
R-HSA-9607240	R-HSA-9706374
R-HSA-9609507	R-HSA-1268020
R-HSA-9609507	R-HSA-9033241
R-HSA-9609507	R-HSA-9603798
R-HSA-9609507	R-HSA-9609523
R-HSA-9609646	R-HSA-9609690
R-HSA-9609646	R-HSA-9610379
R-HSA-9612973	R-HSA-1632852
R-HSA-9612973	R-HSA-9613829
R-HSA-9612973	R-HSA-9615710
R-HSA-9614085	R-HSA-9614399
R-HSA-9614085	R-HSA-9614657
R-HSA-9614085	R-HSA-9615017
R-HSA-9614085	R-HSA-9617629
R-HSA-9614085	R-HSA-9617828
R-HSA-9616333	R-HSA-9630221
R-HSA-9616333	R-HSA-9630222
R-HSA-9630747	R-HSA-9630750
R-HSA-9630747	R-HSA-9632693
R-HSA-9630747	R-HSA-9646303
R-HSA-9630747	R-HSA-9646304
R-HSA-9630750	R-HSA-9630791
R-HSA-9630750	R-HSA-9630794
R-HSA-9632693	R-HSA-9632697
R-HSA-9632693	R-HSA-9632700
R-HSA-9635486	R-HSA-1222499
R-HSA-9635486	R-HSA-9637628
R-HSA-9635486	R-HSA-9637679
R-HSA-9635486	R-HSA-9637690
R-HSA-9635486	R-HSA-9639775
R-HSA-9637679	R-HSA-9637698
R-HSA-9637687	R-HSA-9636249
R-HSA-9637687	R-HSA-9636383
R-HSA-9637687	R-HSA-9636467
R-HSA-9637690	R-HSA-9635465
R-HSA-9637690	R-HSA-9635644
R-HSA-9637690	R-HSA-9636569
R-HSA-9637690	R-HSA-9636667
R-HSA-9637690	R-HSA-9637687
R-HSA-9645723	R-HSA-9693928
R-HSA-9645723	R-HSA-9710421
R-HSA-9645723	R-HSA-9734009
R-HSA-964739	R-HSA-964827
R-HSA-9649913	R-HSA-9753510
R-HSA-9649913	R-HSA-9753512
R-HSA-9651496	R-HSA-9657688
R-HSA-9651496	R-HSA-9657689
R-HSA-9651496	R-HSA-9662001
R-HSA-9651496	R-HSA-9668250
R-HSA-9651496	R-HSA-9672383
R-HSA-9656249	R-HSA-9656255
R-HSA-9656249	R-HSA-9656256
R-HSA-9656249	R-HSA-9657050
R-HSA-9658195	R-HSA-9664407
R-HSA-9658195	R-HSA-9664420
R-HSA-9658195	R-HSA-9664424
R-HSA-9658195	R-HSA-9664433
R-HSA-9659379	R-HSA-9662360
R-HSA-9659379	R-HSA-9662361
R-HSA-9659787	R-HSA-9661069
R-HSA-9659787	R-HSA-9661070
R-HSA-9660537	R-HSA-9726840
R-HSA-9660537	R-HSA-9726842
R-HSA-9662001	R-HSA-9672387
R-HSA-9662001	R-HSA-9672391
R-HSA-9662001	R-HSA-9672393
R-HSA-9662001	R-HSA-9672395
R-HSA-9662001	R-HSA-9672396
R-HSA-9662001	R-HSA-9672397
R-HSA-9662001	R-HSA-9674519
R-HSA-9662361	R-HSA-9667769
R-HSA-9662851	R-HSA-9660821
R-HSA-9662851	R-HSA-9662834
R-HSA-9662851	R-HSA-9664323
R-HSA-9662851	R-HSA-9664535
R-HSA-9663891	R-HSA-5205647
R-HSA-9663891	R-HSA-9613354
R-HSA-9663891	R-HSA-9646399
R-HSA-9663891	R-HSA-9664873
R-HSA-9664407	R-HSA-9664417
R-HSA-9664417	R-HSA-9664422
R-HSA-9664420	R-HSA-9673324
R-HSA-9664424	R-HSA-9660826
R-HSA-9664433	R-HSA-9662851
R-HSA-9665230	R-HSA-9665233
R-HSA-9665230	R-HSA-9665244
R-HSA-9665230	R-HSA-9665245
R-HSA-9665230	R-HSA-9665246
R-HSA-9665230	R-HSA-9665247
R-HSA-9665230	R-HSA-9665249
R-HSA-9665230	R-HSA-9665250
R-HSA-9665230	R-HSA-9665251
R-HSA-9668250	R-HSA-9673202
R-HSA-9668250	R-HSA-9673218
R-HSA-9668250	R-HSA-9673221
R-HSA-9668250	R-HSA-9673240
R-HSA-9669937	R-HSA-9669914
R-HSA-9669937	R-HSA-9669917
R-HSA-9669937	R-HSA-9669924
R-HSA-9669937	R-HSA-9669926
R-HSA-9669937	R-HSA-9669929
R-HSA-9669937	R-HSA-9669934
R-HSA-9669937	R-HSA-9669936
R-HSA-9669938	R-HSA-9669921
R-HSA-9669938	R-HSA-9669933
R-HSA-9669938	R-HSA-9669935
R-HSA-9669938	R-HSA-9669937
R-HSA-9669938	R-HSA-9670439
R-HSA-9669938	R-HSA-9680187
R-HSA-9670621	R-HSA-9670613
R-HSA-9670621	R-HSA-9670615
R-HSA-9671555	R-HSA-9673766
R-HSA-9671555	R-HSA-9673767
R-HSA-9671555	R-HSA-9673768
R-HSA-9671555	R-HSA-9673770
R-HSA-9671555	R-HSA-9674415
R-HSA-9671555	R-HSA-9674428
R-HSA-9671793	R-HSA-9651496
R-HSA-9673013	R-HSA-9006821
R-HSA-9674415	R-HSA-9674396
R-HSA-9674415	R-HSA-9674401
R-HSA-9674415	R-HSA-9674403
R-HSA-9674415	R-HSA-9674404
R-HSA-9674555	R-HSA-9705462
R-HSA-9675108	R-HSA-422475
R-HSA-9675108	R-HSA-9619665
R-HSA-9675126	R-HSA-9673013
R-HSA-9675126	R-HSA-9687139
R-HSA-9675132	R-HSA-9630747
R-HSA-9675135	R-HSA-5423599
R-HSA-9675135	R-HSA-9605308
R-HSA-9675135	R-HSA-9675136
R-HSA-9675136	R-HSA-9663199
R-HSA-9675136	R-HSA-9699150
R-HSA-9675136	R-HSA-9701190
R-HSA-9675136	R-HSA-9701192
R-HSA-9675136	R-HSA-9701193
R-HSA-9675143	R-HSA-2474795
R-HSA-9675151	R-HSA-9697154
R-HSA-9678108	R-HSA-9678110
R-HSA-9678108	R-HSA-9679504
R-HSA-9678108	R-HSA-9679509
R-HSA-9678108	R-HSA-9679514
R-HSA-9678108	R-HSA-9683701
R-HSA-9678108	R-HSA-9767675
R-HSA-9679504	R-HSA-9683439
R-HSA-9679504	R-HSA-9684325
R-HSA-9679506	R-HSA-9678108
R-HSA-9679506	R-HSA-9679191
R-HSA-9679506	R-HSA-9694516
R-HSA-9679514	R-HSA-9682706
R-HSA-9679514	R-HSA-9682708
R-HSA-9682385	R-HSA-9702506
R-HSA-9682385	R-HSA-9702509
R-HSA-9682385	R-HSA-9703465
R-HSA-9682385	R-HSA-9703648
R-HSA-9682385	R-HSA-9706377
R-HSA-9683701	R-HSA-9683610
R-HSA-9683701	R-HSA-9683612
R-HSA-9683701	R-HSA-9683673
R-HSA-9683701	R-HSA-9683683
R-HSA-9683701	R-HSA-9683686
R-HSA-9687139	R-HSA-9659787
R-HSA-9687139	R-HSA-9687136
R-HSA-9694516	R-HSA-9705683
R-HSA-9694516	R-HSA-9772572
R-HSA-9694516	R-HSA-9772573
R-HSA-9694635	R-HSA-9694493
R-HSA-9694635	R-HSA-9694548
R-HSA-9694635	R-HSA-9694594
R-HSA-9694635	R-HSA-9694631
R-HSA-9694635	R-HSA-9694719
R-HSA-9694676	R-HSA-9694271
R-HSA-9694676	R-HSA-9694301
R-HSA-9694682	R-HSA-9694686
R-HSA-9694682	R-HSA-9694786
R-HSA-9697154	R-HSA-9005895
R-HSA-9700206	R-HSA-9700645
R-HSA-9700206	R-HSA-9700649
R-HSA-9700206	R-HSA-9725370
R-HSA-9700649	R-HSA-9717264
R-HSA-9700649	R-HSA-9717301
R-HSA-9700649	R-HSA-9717316
R-HSA-9700649	R-HSA-9717319
R-HSA-9700649	R-HSA-9717323
R-HSA-9700649	R-HSA-9717326
R-HSA-9700649	R-HSA-9717329
R-HSA-9701190	R-HSA-9709275
R-HSA-9701190	R-HSA-9709570
R-HSA-9701190	R-HSA-9709603
R-HSA-9701190	R-HSA-9763198
R-HSA-9701193	R-HSA-9704331
R-HSA-9701193	R-HSA-9704646
R-HSA-9702506	R-HSA-9702569
R-HSA-9702506	R-HSA-9702577
R-HSA-9702506	R-HSA-9702581
R-HSA-9702506	R-HSA-9702590
R-HSA-9702506	R-HSA-9702596
R-HSA-9702506	R-HSA-9702600
R-HSA-9702506	R-HSA-9702605
R-HSA-9702506	R-HSA-9702614
R-HSA-9702506	R-HSA-9702620
R-HSA-9702506	R-HSA-9702624
R-HSA-9702506	R-HSA-9702632
R-HSA-9702506	R-HSA-9702636
R-HSA-9702506	R-HSA-9702998
R-HSA-9702506	R-HSA-9703009
R-HSA-9703648	R-HSA-9702518
R-HSA-9705683	R-HSA-9705671
R-HSA-9705683	R-HSA-9705677
R-HSA-9705683	R-HSA-9754560
R-HSA-9705683	R-HSA-9754678
R-HSA-9705683	R-HSA-9755779
R-HSA-9706574	R-HSA-9013418
R-HSA-9706574	R-HSA-9013422
R-HSA-9707564	R-HSA-9707587
R-HSA-9709957	R-HSA-2187338
R-HSA-9709957	R-HSA-381753
R-HSA-9709957	R-HSA-9659379
R-HSA-9709957	R-HSA-9717189
R-HSA-9711097	R-HSA-9633012
R-HSA-9711097	R-HSA-9639288
R-HSA-9711123	R-HSA-3299685
R-HSA-9711123	R-HSA-9707564
R-HSA-9711123	R-HSA-9755511
R-HSA-9715370	R-HSA-9013419
R-HSA-9715370	R-HSA-9013425
R-HSA-9716542	R-HSA-194315
R-HSA-9716542	R-HSA-9706019
R-HSA-9716542	R-HSA-9715370
R-HSA-9717189	R-HSA-9717207
R-HSA-9717189	R-HSA-9729555
R-HSA-9717189	R-HSA-9730628
R-HSA-9723907	R-HSA-9723905
R-HSA-9725370	R-HSA-9725371
R-HSA-9734009	R-HSA-8863678
R-HSA-9734009	R-HSA-9645722
R-HSA-9734009	R-HSA-9723907
R-HSA-9734207	R-HSA-9734195
R-HSA-9734207	R-HSA-9734281
R-HSA-9734207	R-HSA-9734735
R-HSA-9735786	R-HSA-9735763
R-HSA-9735804	R-HSA-9734207
R-HSA-9735804	R-HSA-9735786
R-HSA-9748784	R-HSA-2161522
R-HSA-9748784	R-HSA-9748787
R-HSA-9748784	R-HSA-9749641
R-HSA-9748784	R-HSA-9753281
R-HSA-9748784	R-HSA-9754706
R-HSA-975138	R-HSA-445989
R-HSA-975138	R-HSA-450294
R-HSA-975138	R-HSA-975144
R-HSA-975138	R-HSA-975163
R-HSA-975155	R-HSA-975110
R-HSA-975155	R-HSA-975138
R-HSA-9755511	R-HSA-9708530
R-HSA-9755511	R-HSA-9759194
R-HSA-975576	R-HSA-975574
R-HSA-975576	R-HSA-975577
R-HSA-975576	R-HSA-975578
R-HSA-975871	R-HSA-445989
R-HSA-975871	R-HSA-450294
R-HSA-975871	R-HSA-937039
R-HSA-975871	R-HSA-937042
R-HSA-9758941	R-HSA-9754189
R-HSA-9759194	R-HSA-9762114
R-HSA-9759774	R-HSA-9759785
R-HSA-9759785	R-HSA-3359478
R-HSA-9772572	R-HSA-9694614
R-HSA-9772572	R-HSA-9694676
R-HSA-9772572	R-HSA-9694682
R-HSA-9772573	R-HSA-9694322
R-HSA-9772573	R-HSA-9694635
R-HSA-977443	R-HSA-977444
R-HSA-977444	R-HSA-991365
R-HSA-983169	R-HSA-1236975
R-HSA-983169	R-HSA-983168
R-HSA-983169	R-HSA-983170
R-HSA-983231	R-HSA-983189
R-HSA-983705	R-HSA-1168372
R-HSA-983705	R-HSA-5690714
R-HSA-983705	R-HSA-983695
R-HSA-983712	R-HSA-2672351
R-HSA-983712	R-HSA-936837
R-HSA-991365	R-HSA-170670
R-HSA-991365	R-HSA-997272
